,amplitude,rise_time,temperature,r_chisq,sigmoid_dist,snr_rise_time,snr_amplitude,objectId,alertId,type,predicted_label
44,13878.064214736502,18.97518008426217,12099.662945108565,0.7720890781886984,2.664558646553612,9.032682855377246,6.923245416422642,ZTF21abxowzx,2007420852015015053,Unknown,TDE
45,13585.91651976347,17.813417431163494,12297.817407668184,0.6189632789922641,2.799166200196144,9.301319488004578,6.982587229995596,ZTF21abxowzx,2723375252015015008,Unknown,TDE
46,13515.195802029428,17.072075348316837,12498.143247219576,0.5021800550448238,2.997808406797236,9.513359301613464,6.90370614474589,ZTF21abxowzx,2777273072015015029,Unknown,TDE
47,12894.258900327452,16.647364729522824,12274.180971282009,0.4956782113336529,2.5903913426639247,9.362037229829117,6.703246444513929,ZTF21abxowzx,1979457472015015020,Unknown,TDE
48,12154.758131744771,16.237289907849064,11970.526800709527,0.4104705868633537,2.7072548319866563,9.444388123496186,6.892268926767828,ZTF21abxowzx,2449233472015015024,Unknown,TDE
49,12149.410700350822,15.989812704084294,12063.776501453807,0.3832492385466765,2.4656025915353648,9.493907287457208,6.840137809976177,ZTF21abxowzx,2127127502015015024,Unknown,TDE
50,12049.95643075032,16.36963381779546,11819.36223122096,0.3456300827247042,2.239403306475339,9.101737471639662,7.045417024751603,ZTF21abxowzx,2453232292015015014,Unknown,TDE
51,12059.3372441155,16.34350220391479,11838.207633020813,0.3700817136804733,2.2426799458343094,8.861769218396665,6.987443109961615,ZTF21abxowzx,2367435262015015008,Unknown,TDE
52,12487.07865124531,16.586324609980423,11992.205495748987,0.3851956700324861,2.05432044780414,8.376750247383987,5.858283238640591,ZTF21abxowzx,1964456902015015004,Unknown,TDE
53,12475.63117180643,17.18460140261415,11651.593292192703,0.3631797400972442,1.6035308525574623,7.668424711582972,6.016714086825539,ZTF21abxowzx,2135191792015015003,Unknown,TDE
54,11879.60674449682,16.880478980818168,11466.082796818038,0.3869894643012049,1.685871005227838,7.072679586403772,4.575596525227683,ZTF21abxowzx,2092243152015015015,Unknown,TDE
55,12515.896928751992,17.863660011036597,11208.50340601182,0.4056241712357846,1.0382075822112102,5.120477381070612,3.765543967474832,ZTF21abxowzx,2469189312015015010,Unknown,TDE
56,10235.903921067644,15.96766857855848,10987.327787952348,0.3399904670333386,1.1736671710897366,4.7090688242021,3.760218387596844,ZTF21abxowzx,2360426892015015017,Unknown,TDE
57,11255.118238609995,17.436849892721746,10561.310061711272,0.3448561276556684,0.7892851160527125,3.6916376962539017,2.66664293785959,ZTF21abxowzx,2098177122015015013,Unknown,TDE
186,10746.499925334978,6.61807633503893,10838.79596469106,0.2304612921950358,1.0031457436987217,1.6071941301443298,2.301843508072789,ZTF22aataizc,2051174975115015005,SN candidate,TDE
193,14999.881606153514,5.013720419598674,12701.377045020728,0.3324266542026834,7.930012470677093,6.329757565093043,9.318784920414096,ZTF22abkfhua,2112228221915015002,SN candidate,TDE
194,15097.449172259332,5.046436954525811,12740.326071945596,0.3486997395792366,7.479541903158207,6.210659039147235,8.859995507433633,ZTF22abkfhua,2108284241915015001,SN candidate,TDE
195,15011.746363934615,5.013998526142653,12705.22010638682,0.368460956619889,7.144150160045693,6.03020122552003,8.256610264415265,ZTF22abkfhua,2127317881915015002,SN candidate,TDE
196,14891.41185714034,4.985052694764419,12655.434453373522,0.3887134106749077,7.169144832606904,5.910651756966448,7.918868893806258,ZTF22abkfhua,2125258391915015003,SN candidate,TDE
197,14982.786092740973,4.88199778047703,12738.868472918588,0.4032265691344104,6.118701869348221,5.734167164365034,7.7287293327354,ZTF22abkfhua,2119207701915015000,SN candidate,TDE
198,15175.365007302162,4.939654676878116,12815.65543900944,0.415257561466488,5.009845029225495,5.643938213282556,7.454645171045079,ZTF22abkfhua,2414382951915015000,SN candidate,TDE
199,15141.498199892803,4.975219706534669,12783.36505315517,0.4452516634942207,4.605682417700447,5.424114149764342,7.458482172328678,ZTF22abkfhua,2144165411915015002,SN candidate,TDE
200,15454.950059682236,5.062843258842745,12903.847862857148,0.4732129465382189,4.5005633324532175,5.2083957150477325,6.5624038663093245,ZTF22abkfhua,2396417061915015003,SN candidate,TDE
201,14960.977254011468,5.899599742483242,12276.096694345715,0.3470825007793969,3.4276759333053324,4.276090526967459,7.09695887751846,ZTF22abkfhua,2123298221915015001,SN candidate,TDE
202,15564.914741181712,6.193201089890671,12443.660918811163,0.3471667587182474,2.9104352480586764,3.924747397284871,6.16209633276802,ZTF22abkfhua,2119185961915015003,SN candidate,TDE
203,15581.217757301589,5.966433672999191,12566.177299396606,0.3823754717419083,3.0457593231067395,3.474446761191627,6.140807798533298,ZTF22abkfhua,2127249621915015001,SN candidate,TDE
204,15648.933220152974,5.996448057305375,12584.109483294103,0.4368861794588431,2.3514928314243684,2.951786858617336,4.983213793100068,ZTF22abkfhua,2140234061915015000,SN candidate,TDE
205,15354.630147384614,5.483066150781741,12758.764326880731,0.5523910230344391,2.302136224103285,2.8496767960987084,4.342772024045288,ZTF22abkfhua,2104379821915015001,SN candidate,TDE
206,20770.78307254783,6.143053428205899,14441.784737288826,0.4343479534288209,1.8551504543025048,2.589993209233238,2.2459893837523963,ZTF22abkfhua,2125232851915015000,SN candidate,TDE
207,22840.67077720608,3.710874449469494,17454.255626492264,0.4288651057597961,2.4686559141271296,1.5836561745779347,1.5978991783607968,ZTF22abkfhua,2148153151915015000,SN candidate,TDE
279,14817.01605161081,16.64781611808988,11856.182466103532,0.2324880394992072,2.907341067153803,7.730871107588382,8.04373711316835,ZTF22abegjtx,2096378576315015005,Unknown,TDE
280,14879.226504825774,16.865011515114638,11830.519378878062,0.2400323289100845,2.503834112568794,7.143516732808522,7.964912724447033,ZTF22abegjtx,2428445486315015004,Unknown,TDE
281,14860.850732001323,16.83632000295384,11827.810525534593,0.2509352005717268,2.0396517528631803,6.841708200215404,7.969143767527735,ZTF22abegjtx,2390438126315015002,Unknown,TDE
282,15389.95052853358,17.100167554572522,11985.031690492257,0.2551008203249518,1.9670524604138628,6.554000730457811,6.401234347026773,ZTF22abegjtx,2805334766315015010,Unknown,TDE
283,15301.563626909576,16.789334605004893,12053.673892420931,0.259597351236556,1.916078466176986,6.408802557451187,6.426966062286205,ZTF22abegjtx,2477220576315015003,Unknown,TDE
284,14708.273505005314,16.49978576315313,11880.68929459448,0.2607860688221255,1.9911480388160456,6.303030402975278,5.906397926549499,ZTF22abegjtx,2085316226315015003,Unknown,TDE
285,14571.966305651604,16.08986251578925,11966.014965422111,0.2806257090643804,1.7690012873078098,5.945622650894787,5.878924475952327,ZTF22abegjtx,2104390356315015004,Unknown,TDE
286,13256.97857446197,15.465362215991815,11573.161736686672,0.2819962333367556,1.83011441161718,5.452797345308093,4.256936415535483,ZTF22abegjtx,2085369726315015009,Unknown,TDE
287,13267.60041107244,15.47590044675253,11575.402222276129,0.3007756215132272,1.6941864940370852,5.09193715816409,4.125527711257637,ZTF22abegjtx,2499225756315015006,Unknown,TDE
288,13664.458065813204,15.980873740141243,11527.466179489846,0.3148807301756936,1.3823618018322323,4.458371285301789,3.6980940070029633,ZTF22abegjtx,2127272556315015002,Unknown,TDE
289,14268.775638763917,16.704456790352527,11426.57989126124,0.3255510505013135,1.092723266214133,3.9181677084555946,3.211022900031844,ZTF22abegjtx,2127352146315015003,Unknown,TDE
290,17745.675717593214,19.69805400218892,11016.334593729023,0.279565452625848,0.3452205267478587,2.9435120938659,1.81159842420683,ZTF22abegjtx,2125294496315015006,Unknown,TDE
291,12937.31535317985,16.55141435926928,10885.472774235612,0.2821548303641746,0.6308916142599791,2.7066123384598395,2.205572792540809,ZTF22abegjtx,2485266826315015003,Unknown,TDE
292,11042.763100764794,14.941445257650589,10704.265245078755,0.2893311043072795,0.7419216321961469,2.442283356611984,1.9578774147952696,ZTF22abegjtx,2152188936315015003,Unknown,TDE
293,11514.526334387308,15.634625050490351,10505.967917144046,0.3121782183980153,0.4619119960964847,2.2752769500757357,1.7455528345955569,ZTF22abegjtx,2113322026315015002,Unknown,TDE
294,8697.715697053662,13.344801139051611,9955.506660969486,0.3073808129456835,1.0546820045484655,2.0807388818171617,1.8716224201524836,ZTF22abegjtx,2148190246315015004,Unknown,TDE
295,9051.243089572374,14.08296494782648,9695.778390709533,0.3372277150273917,0.7343384417479744,1.9361155461430464,1.6780908227203828,ZTF22abegjtx,2160170236315015007,Unknown,TDE
372,20280.462884817367,5.046008651234289,13406.784420474656,0.2950114956715568,2.445211090208124,1.6831336248974558,4.1967129825750575,ZTF21aaagzee,1470482346215015012,SN candidate,TDE
479,27758.827494903697,4.15264557615403,8561.218832328814,5.640320807721052,4.535901569076554,12.10135234792365,19.918656579911783,ZTF20abwtifz,2791457364715015002,Seyfert_2,TDE
480,27889.616797602182,4.051542024166336,8885.873404974285,6.595884380514884,4.69462066838205,12.057744980898564,17.65896613708068,ZTF20abwtifz,2804443444715015008,Seyfert_2,TDE
481,24186.12088682255,3.673517227978832,7991.9992255184,3.037782600413074,4.926335757706447,11.821082576024583,20.22840253792597,ZTF20abwtifz,2785401724715015001,Seyfert_2,TDE
482,24534.13019180916,3.0283626239547203,9967.53053871256,0.127713282543009,4.811983256601315,7.318397629118923,8.90745504885378,ZTF20abwtifz,2778482374715015026,Seyfert_2,TDE
794,26301.13316177468,6.718409932866872,13230.433383289394,0.329846340851979,4.376182506335975,4.7559281812303125,7.212771948465334,ZTF24aaecooj,2667261451915015027,SN candidate,TDE
795,26752.27900369676,6.039972931959754,13561.48743738527,0.3340480611805573,4.883523340227003,3.388530250339038,6.657093433515076,ZTF24aaecooj,2679192651915015012,SN candidate,TDE
796,29865.8882226054,8.336196978872982,13674.265163882144,0.2294843466530347,1.976017418118872,1.916521955146856,4.269926276516892,ZTF24aaecooj,2600337541915015011,SN candidate,TDE
886,17311.321534671348,9.866992123754535,11700.219007157057,0.7470225401442508,1.5950285618121574,4.812137047133362,5.2397482074276684,ZTF22aaizrty,1976230504115015015,SN candidate,TDE
887,33916.94233510438,12.086758349549504,14326.757549918471,0.3265045180729447,0.5161789233379638,3.982100551649588,1.9132725576425005,ZTF22aaizrty,1970209504115015012,SN candidate,TDE
1026,6420.826539352476,6.223524607784506,12555.184426714906,0.5794672778682026,4.8842422533765735,1.789909362761216,3.006968286499083,ZTF22aavuelk,2097254515815015006,SN candidate,TDE
1134,7678.95276516898,6.088433509488394,12423.981997243884,0.3932352878193041,2.7067741260389893,3.52474992432108,3.2960704629232067,ZTF21abwjhbw,1713210485815015048,SN candidate,TDE
1135,9448.164044672636,7.973246398444901,12340.214715527774,0.2026943384664985,1.0285304482373192,2.198913905193379,2.077964927798019,ZTF21abwjhbw,1718291775815015017,SN candidate,TDE
1136,9481.86019651882,8.031936391561967,12313.44244133442,0.2363814619016696,0.7665948101875263,1.977625891514291,1.8939848983706744,ZTF21abwjhbw,1778106305815015037,SN candidate,TDE
1137,8736.909653054032,7.736507342530717,12084.502253979885,0.2714426297958903,0.8925775325720061,1.938430298668548,1.764344584784854,ZTF21abwjhbw,1709231555815015044,SN candidate,TDE
1580,13698.445704329426,18.439904746382823,10705.149337828689,0.6159164477623362,1.2093805862677962,7.446943911234538,7.602326040427256,ZTF20abfcszi,1497154320815015005,Unknown,TDE
1581,13733.356880307714,18.44161726327098,10664.657373544404,0.5880632009116324,0.8169674594885151,6.583259412107911,6.408938386890829,ZTF20abfcszi,1348464814115015006,Unknown,TDE
1582,13969.114276438651,18.623744846650105,10688.90604750111,0.6017458032356314,0.7799604540107412,6.339547077502737,5.744674281294257,ZTF20abfcszi,1284386774115015003,Unknown,TDE
1583,13817.752704575832,18.518067635840097,10669.436465370847,0.6171129705395351,0.799432980835462,6.205894167579264,5.516946283881982,ZTF20abfcszi,1500212404115015006,Unknown,TDE
1584,14525.685529258972,19.300333224526018,10590.907263348863,0.6219423741003367,0.4972931183613665,5.58097555499802,4.500983390260582,ZTF20abfcszi,1418228764115015004,Unknown,TDE
1585,15026.930626283794,19.604825591881884,10638.088364580295,0.6347606117408476,0.4346370156025771,5.406502634584827,4.002819267312909,ZTF20abfcszi,1372374654115015005,Unknown,TDE
1586,18528.227897736917,21.36513098766328,10883.192707867614,0.594541630393895,0.0703481391831636,4.753008900096915,2.5245320640163524,ZTF20abfcszi,1309429250815015008,Unknown,TDE
1587,16521.299478359826,20.116874612205887,10959.070349932674,0.5933704364328491,0.3159867938582343,4.809253617026711,3.035107076187923,ZTF20abfcszi,1303406704115015002,Unknown,TDE
1588,16270.43955693762,19.918156921678406,11048.490227461789,0.5784584403676861,0.2148354987935356,4.261434821281877,2.765632373504621,ZTF20abfcszi,1468268410815015002,Unknown,TDE
1589,17836.30735675683,20.980482616825885,10922.627313201372,0.5849803532724256,0.0036285990232405,3.9576748623533535,2.1927890998889006,ZTF20abfcszi,1369321824115015005,Unknown,TDE
1599,14175.799936023985,10.545035098914529,8942.83926850724,0.5843048813603517,4.689500288928631,12.261295121767676,17.39962779969601,ZTF20abisysx,1285233240515015017,Unknown,TDE
1600,14233.547217637337,10.633641595600157,8916.714892942007,0.6218380557445187,2.2916711448400946,9.924392030466995,15.606217190134457,ZTF20abisysx,1313275870515015014,Unknown,TDE
1601,15300.32987561468,11.13146537909851,9055.22535055283,0.5358051520502689,1.804403009947982,9.267857922741838,11.178030656615682,ZTF20abisysx,1541482550515015005,Unknown,TDE
1602,14821.246083340446,10.707448955601295,9211.981126543022,0.5056031412551565,1.972542233258247,8.808478924323435,10.910743036960248,ZTF20abisysx,1470573900515015000,Unknown,TDE
1603,18075.467781704603,11.97378273145782,9449.440626740548,0.3885266631795674,1.1872475284502482,7.076034409123522,4.9836210254975,ZTF20abisysx,1656191260515015011,Unknown,TDE
1604,19574.516558371837,12.527771990559296,9416.857187263397,0.4147387366805264,0.1735049812507772,4.813813823305054,2.788515146085309,ZTF20abisysx,1470571480515015005,Unknown,TDE
1605,16991.2843389256,11.466044345830554,9976.699945134782,0.3563931604096445,0.0522495536247902,3.317036690553755,1.9360171526532288,ZTF20abisysx,1297242800515015014,Unknown,TDE
1880,7345.138999010309,28.21825763554509,13589.53130099946,0.261042120658746,4.039826922659022,2.8739983866736365,6.5319394154799255,ZTF20accxwrk,1552179105815015016,Unknown,TDE
1881,7329.16013242278,28.64347198695847,13544.669311406478,0.2655214653193387,3.9122464192994575,2.795867995669429,6.5328158680810615,ZTF20accxwrk,1922163465815015009,Unknown,TDE
1882,7368.424959271267,27.84389269411935,13639.04873601582,0.2679137780779393,4.017959288350064,2.8180997734502258,6.440006002350283,ZTF20accxwrk,1425360645815015013,Unknown,TDE
2234,11849.64329151999,6.036920541309029,14734.479276586895,0.8344041773097491,6.012878562983779,9.884562892863448,5.577967668485793,ZTF21abqtckk,1732138180615015003,SN candidate,TDE
2235,11917.327032171272,6.02055884499322,14791.41031564182,0.8659985557012585,6.026017019026591,9.868173670754196,5.506269810957075,ZTF21abqtckk,1697177960615015006,SN candidate,TDE
2236,13261.907653471922,6.301597040519759,15496.194257428731,0.7883883331983713,5.214485240292025,9.430667742397503,4.829758158734276,ZTF21abqtckk,1701183610615015004,SN candidate,TDE
2237,12537.69023672564,6.53420598564191,14892.952661118969,0.7417727677270857,4.679239998818572,8.891972635559554,5.1121330916643695,ZTF21abqtckk,1682219210615015004,SN candidate,TDE
2238,12229.320292675902,6.660534306627153,14617.759433247002,0.7417071164085423,4.558788850731098,8.60059563045888,5.293936868491034,ZTF21abqtckk,1704166200615015004,SN candidate,TDE
2239,12502.424848921211,6.757823903338226,14738.98183469004,0.7679500222104305,3.1477825318859463,8.237428598426858,5.06398710163386,ZTF21abqtckk,1734144580615015001,SN candidate,TDE
2240,12198.318130534875,6.84179618054044,14474.960827861138,0.7943997005766268,3.082900438018396,8.044771880395315,5.129568270471964,ZTF21abqtckk,1692287260615015001,SN candidate,TDE
2241,13468.018492610188,7.148379106537337,15042.721931547416,0.7508062157610611,2.5975375867041075,7.571233322649197,4.413296303493754,ZTF21abqtckk,1695217360615015003,SN candidate,TDE
2242,12846.622933907462,7.330449825740768,14500.482169927864,0.7644242758287162,2.47725644095342,7.20619369460098,4.561109243556976,ZTF21abqtckk,1719201750615015004,SN candidate,TDE
2243,14932.419298514356,7.869533755324197,15248.494632044374,0.6736433707554541,1.9119236563813613,6.532156672420595,3.766935577292216,ZTF21abqtckk,1719157540615015003,SN candidate,TDE
2244,14140.825019297665,8.16647418157753,14505.847687886246,0.6645312012319962,1.7486747222573855,6.143644826697684,4.070066889450224,ZTF21abqtckk,1682260930615015006,SN candidate,TDE
2245,20272.88128545173,9.513068519183184,15866.270216448944,0.5159962273885643,0.7768285252086065,4.784557584587254,2.5319243647829044,ZTF21abqtckk,1701219100615015001,SN candidate,TDE
2396,16731.077574990908,14.15868978801612,15383.770179112274,1.5818611568046386,1.830539348939328,5.19028257017738,3.2292160672876955,ZTF22abzajwl,2213398212715015001,Unknown,TDE
2397,16022.229628023588,15.90118418010344,14127.326647491143,1.5597861178479595,1.3736815699519904,4.396004271415372,3.5256057953059514,ZTF22abzajwl,2625349322715015000,Unknown,TDE
2474,6795.475601242102,5.204515405354356,13070.327930129028,0.3962393374538167,5.563430512038048,6.356717440516188,5.401701646853084,ZTF20abjwvae,1290195530915015009,SN candidate,TDE
2475,7114.214547662619,5.403456904833938,13296.370297915357,0.3709852553825468,4.940931118583499,6.117264052208097,4.81535865491986,ZTF20abjwvae,1309181740915015004,SN candidate,TDE
2476,7372.282528369557,5.504504090896669,13507.64502937101,0.360785174465612,4.636117295084639,6.009227715149688,4.536720143692772,ZTF20abjwvae,1318177300915015017,SN candidate,TDE
2477,7729.131277037267,5.6229037646300535,13795.768495346152,0.3503652658863914,4.329226096899983,5.878994329622981,4.170169660092004,ZTF20abjwvae,1303173860915015011,SN candidate,TDE
2478,8582.734122636648,5.8628618414182325,14442.57624269879,0.3727025843656201,3.910007308538949,5.465587601170071,3.228059507143397,ZTF20abjwvae,1315182180915015013,SN candidate,TDE
2479,8680.354927712291,5.822506952397515,14566.772033943696,0.4113289643634754,3.783171356556601,5.317560091068532,3.0991581265193413,ZTF20abjwvae,1312196110915015004,SN candidate,TDE
2480,8810.995455152142,5.771376690630992,14731.07454930983,0.4595406945598578,3.819448548048037,5.12029765131255,2.9153331133002083,ZTF20abjwvae,1296193570915015008,SN candidate,TDE
2481,8864.996427873664,5.784312746742258,14767.540391883009,0.5249937930557314,3.2946128872524363,4.7636802411871,2.713721042489427,ZTF20abjwvae,1316212220915015007,SN candidate,TDE
2482,9257.860228759964,5.891820266226446,15020.399963411472,0.6045265138809475,3.192533236191409,4.387538850859287,2.3282202683273328,ZTF20abjwvae,1318213170915015008,SN candidate,TDE
2483,8986.542805934852,6.777543866714983,14002.12702879636,0.447196517379019,1.7033166171603098,3.35939902220522,2.5301084365264503,ZTF20abjwvae,1303257100915015004,SN candidate,TDE
2484,6312.172150802123,5.819693828341696,12300.232314177563,0.4770314683407101,2.346362152746557,2.623503422744404,1.8058499088712596,ZTF20abjwvae,1293242510915015004,SN candidate,TDE
2520,5595.473341827497,4.900540771055083,11892.041856756576,0.2889926264807442,1.5508045172859963,2.509405754732331,2.9235525721335383,ZTF21abijcya,1642229450015015019,SN candidate,TDE
2521,6696.33483212122,6.0462983537233415,11594.340891067528,0.2639748094206144,0.5301553243292768,1.8012064415202649,1.6146334065456411,ZTF21abijcya,1645256660015015007,SN candidate,TDE
2942,5390.15235017459,7.45325191239179,11520.869883757545,0.2616901240336067,1.8958940503920465,2.2639973162166367,2.211107115153862,ZTF20abltdle,1309179875915015000,Unknown,TDE
3067,12952.731662135137,5.159418627412397,12217.856836183808,0.2907986435778001,6.109981960880861,8.342519550374812,9.675086047894323,ZTF20abonvte,1385095245315015012,SN candidate,TDE
3068,12860.82155650322,5.332438915568777,12041.261012545488,0.2809684193868502,5.705455856299538,7.841937060408508,9.939774649530726,ZTF20abonvte,1313173175315015014,SN candidate,TDE
3069,13161.32547894744,5.500512315312061,12126.401986128283,0.2653237723984579,5.327232538016763,7.486834723580676,9.38433718525533,ZTF20abonvte,1370219825315015006,SN candidate,TDE
3070,13162.82533356953,5.480782242028794,12141.024831912586,0.27709913442776,5.34221147893588,7.016598667301949,9.36822823465201,ZTF20abonvte,1308240175315015015,SN candidate,TDE
3075,15526.95951631926,6.86664103198428,12636.607919461134,0.1962255022676243,1.3228619634828525,2.3777420297816487,3.5032342905415037,ZTF20abonvte,1391111935315015012,SN candidate,TDE
3076,15262.95251594356,6.7205536132681125,12624.816012051197,0.207595399754485,1.2419896332671485,2.26053050337208,3.3505004119032,ZTF20abonvte,1339158465315015005,SN candidate,TDE
3077,14170.297770988584,6.179317307888547,12508.725942624931,0.2094944689866349,1.4718976448373695,2.212348055501495,3.404642854660901,ZTF20abonvte,1342199275315015008,SN candidate,TDE
3078,14058.49332410958,6.069382697559541,12543.106423975674,0.2239150639382063,1.3617373396022985,2.0569717254735664,3.3920151396303813,ZTF20abonvte,1321235915315015010,SN candidate,TDE
3079,14063.810827450132,6.080220008974855,12537.507890675037,0.241139109464034,1.3541667369624235,1.8572379069010487,2.838473274150181,ZTF20abonvte,1383097185315015014,SN candidate,TDE
3080,13837.8155644004,5.8715210438383,12604.725819446685,0.2602323130596651,1.2868821978244724,1.6379711585762216,2.7768550336883853,ZTF20abonvte,1316215035315015042,SN candidate,TDE
3120,35213.96778567127,4.838787226726003,12313.723196960322,0.8794657282862499,2.7266041842623765,7.848040317597231,10.384625886107573,ZTF22aafmtqf,1954188661415015035,SN candidate,TDE
3121,35951.377892689285,4.926190426860007,12401.694801314634,0.9306905818065648,2.652367982253692,7.318909105463572,8.97370006584574,ZTF22aafmtqf,1954189610315015011,SN candidate,TDE
3123,44535.67134526378,4.669684168930148,14212.289681753566,0.8614062701226017,1.766221172561497,4.782454213874824,4.246188987060361,ZTF22aafmtqf,1933256160315015014,SN candidate,TDE
3124,49988.24918375649,5.634907139131092,13595.209651303798,0.8407133476981705,0.9182429257161268,3.247297964598119,3.007433218990666,ZTF22aafmtqf,1933156230315015007,SN candidate,TDE
3126,57810.99206210489,5.102487592661177,15007.44288208242,0.705210104405961,0.5458383095532453,2.656735087925404,1.8338707437669035,ZTF22aafmtqf,1960189581415015015,SN candidate,TDE
3147,11895.245513694528,12.453463549785532,9874.424989555184,0.5506334930991098,0.8169389450779603,3.5665093899733606,3.021391580069376,ZTF22abvcnnl,2188207560215015005,SN candidate,TDE
3148,13511.135146554643,12.96570006186854,10464.679610841957,0.5331130286878595,0.2842791931540285,2.357343433415069,1.561898906223507,ZTF22abvcnnl,2160152680215015001,SN candidate,TDE
3235,14526.88815937604,4.816764982186501,12450.022642607204,0.3961098308464391,1.779286437025957,2.9773565887162574,3.743574474232781,ZTF21aaahyjj,1516373862915015012,SN candidate,TDE
3236,14344.322042892292,4.690499157446884,12495.686747189768,0.4516876922923762,1.4509067772318094,2.21267306597956,3.393590876541264,ZTF21aaahyjj,1477483511615015012,SN candidate,TDE
3463,22169.77408282934,16.120648814700306,17920.338540320867,0.3012677443837834,1.072685141187305,3.263765823830857,2.5306106497049865,ZTF21aaaokyp,1538339750315015008,SN candidate,TDE
3464,26292.6974089251,17.24872503433491,18741.23653926468,0.293980011582998,0.8259898642739038,2.9475147865344957,2.159187126999078,ZTF21aaaokyp,1538359541415015005,SN candidate,TDE
3465,26214.73668066944,17.939584643990347,18272.413686302498,0.2879174992212627,0.6926986843001515,2.707120796113037,2.056870863230636,ZTF21aaaokyp,1467471031415015001,SN candidate,TDE
3466,24640.86233273716,19.00058734883243,16929.93504186032,0.1967807587081824,0.3784816230499532,2.453132295639538,1.8487578863367224,ZTF21aaaokyp,1513319901415015006,SN candidate,TDE
3535,19011.704009413446,7.891576828649288,11124.514101618826,0.9518952211454084,2.70150847896325,4.376275136671658,8.386640088199433,ZTF23abpznvm,2653269823515015005,Unknown,TDE
3536,18640.21819664029,8.094122357040105,10817.088449715544,0.9666872401776267,2.5815166070530897,4.239488990441862,8.244015172388416,ZTF23abpznvm,2560523683515015004,Unknown,TDE
3572,14888.059836281564,23.26907042804352,11548.125333605103,0.2599622260756901,0.6473017103444,1.6485792588571306,2.3819011496489635,ZTF18acfhomp,2573206875215015007,Unknown,TDE
3601,7598.751372592174,18.691802631476527,12545.972828235504,0.2412367381155498,1.532045956356633,2.4008524193891487,2.8256388592370603,ZTF21absyjff,1733205241215015011,SN candidate,TDE
3603,6471.717564159194,15.610734258273425,12233.217511452687,0.1997901684375384,1.987178441345308,2.5165135176145386,3.574854762963949,ZTF21absyjff,1730239911215015009,SN candidate,TDE
4082,12370.965198195716,10.004257856885657,11513.946271722283,0.245571014823381,3.3828114425441203,4.184124317956179,10.114190435446442,ZTF24aaowjlw,2747227025515015011,SN candidate,TDE
4083,12298.262781386136,9.86396650799924,11499.276103972996,0.2587187421954524,3.237315149479368,3.939807006256526,9.422212691391785,ZTF24aaowjlw,2736226525515015018,SN candidate,TDE
4084,12243.967998481225,8.846560448540934,11731.035361344815,0.222262245527593,3.650423294211676,3.8115405525990975,9.667949704323918,ZTF24aaowjlw,2726247605515015005,SN candidate,TDE
4085,12394.069205936776,9.139085016316365,11754.459301245086,0.2341094750705813,2.756860182128904,3.1909553928056,8.226251041482792,ZTF24aaowjlw,2761267095515015003,SN candidate,TDE
4086,12398.567153147527,8.714222460079176,11886.027523756016,0.2420771748185624,2.9127533345769723,3.0425092156912568,8.400326475548944,ZTF24aaowjlw,2728315835515015006,SN candidate,TDE
4087,12289.054944314716,8.518020633341555,11869.610494241611,0.2596015392391519,2.524055756264105,2.7694988389552053,7.377117399081112,ZTF24aaowjlw,2730330695515015009,SN candidate,TDE
4088,12864.447327589549,8.910154221506797,12094.547268832115,0.2873887054462376,2.163489428150681,2.232793367091913,5.190781547425901,ZTF24aaowjlw,2716247545515015024,SN candidate,TDE
4089,12920.220380957951,9.244454522736278,11992.776471458254,0.3126504378366339,2.047912885384568,1.989388293428102,4.944639690125424,ZTF24aaowjlw,2774192685515015014,SN candidate,TDE
5105,10245.421891113863,67.86763655435217,11150.029084335352,0.7024345007536309,0.680639647520047,2.078209791450266,2.389954957887836,ZTF18aapcknl,1295348135115015002,Seyfert_1,TDE
5479,14070.773571651798,6.156264332761051,11546.396931378798,0.3545163409985558,1.1283003173221695,1.8877811905578783,2.494770603611675,ZTF18aasypqx,1885455525715015003,Unknown,TDE
5633,31238.80855225987,4.668863462276277,12201.495792700522,0.4817849796726806,2.4994165918309674,2.567719537581672,5.118739968267002,ZTF22aadolze,1936471635415015014,SN candidate,TDE
5859,24185.361511960145,5.578150866604286,20378.55853998637,1.4911841135861836,1.1102460121851911,1.7529328821658687,1.880005034086467,ZTF22abjobnk,2112262811415015009,SN candidate,TDE
5904,14085.94454568712,8.200099172573845,12347.756022347025,0.5486855624387189,1.3562994744431447,1.9289323773444147,2.98200264514938,ZTF21aafkpnp,1496384893215015012,Unknown,TDE
5950,15459.17556950005,7.526578470936079,20855.85732701497,0.2146431310980651,3.283640395892243,2.552520206552165,1.8863299419325417,ZTF23aamholg,2362198913615015010,SN candidate,TDE
5951,13236.709330330466,7.015206847200613,19724.54618930121,0.2629144174234556,2.6011413444175595,2.2731794941994616,1.766465657839028,ZTF23aamholg,2372204323615015006,SN candidate,TDE
6100,5441.848757754041,5.512831613209943,7868.492056225114,0.3542456115783056,6.0949469688329945,2.154682054662357,10.13775695451126,ZTF21abaxaqq,1688320126115015020,Unknown,TDE
6101,11300.62557766928,5.51066172738967,3205.258297659568,0.3750836319150204,1.7499896302543403,2.387971633185321,3.1343352960253035,ZTF21abaxaqq,1673369024815015005,Unknown,TDE
6102,5341.52630345496,5.395369180230012,7820.746903754652,0.3920146030217933,1.8156291798492927,2.385667334039669,3.0659782272721308,ZTF21abaxaqq,2322482384815015004,Unknown,TDE
6103,5920.196508848462,6.139025337033502,8017.549038594891,0.241352185997271,1.2663276930564522,1.9657054764300932,2.2865892755638995,ZTF21abaxaqq,2334466216115015015,Unknown,TDE
6104,6236.84940978929,6.53510384689673,7955.1049931302205,0.2308070361968082,0.9142754919299788,1.793573545932912,1.7689756072169902,ZTF21abaxaqq,2329475204815015009,Unknown,TDE
6105,6969.776866323728,7.760198729266858,6301.856487294369,0.1801021028559186,0.3066398873633722,2.499305485392085,1.703734611172796,ZTF21abaxaqq,2328472934815015007,Unknown,TDE
6190,23503.58226318777,1.5114904411300107,14765.872942488411,0.0039007842395394,7.458049274456435,6.311738066101991,4.278024714196259,ZTF20abgwfek,1289190935515015016,SN candidate,TDE
6191,23497.617586784763,1.513991979377276,14758.072886859238,0.0057546251925374,3.492871495850811,5.249319662916817,4.0283219392800245,ZTF20abgwfek,1280195055515015003,SN candidate,TDE
6192,23712.22396617866,1.5057292865078973,14854.061538735736,0.0089536486489029,3.5109392691244854,4.523720473712307,3.403553611306495,ZTF20abgwfek,1268199405515015014,SN candidate,TDE
6340,9803.904240755455,12.499698334142344,19095.593111906124,0.3481224821075105,2.9383555532183503,1.7989293205214074,2.228407767679558,ZTF21aabgjcz,1537281871515015015,Unknown,TDE
6341,9579.509784336737,12.264018730886464,18936.486228397283,0.363988127642862,2.996790938943586,1.824546517140014,2.253771264589682,ZTF21aabgjcz,1614187505715015001,Unknown,TDE
6390,12410.063077866937,15.21735894874189,14972.090870211034,0.7190833536940792,3.61743179978606,6.786495090848058,6.769858171617378,ZTF18aamfryk,1563399526215015010,Seyfert_1,TDE
6391,12526.854784991276,14.982007440740924,15095.410979458267,0.7153565276977348,3.680799041736848,6.839773647368153,6.670567060765055,ZTF18aamfryk,1553381715115015007,Seyfert_1,TDE
6392,12381.70229342812,12.490698874298388,15248.573147609774,1.7765305196846837,4.155754451312516,9.187881013428482,6.461676280704745,ZTF18aamfryk,1553381715115015007,Seyfert_1,TDE
6393,11630.470607095816,12.039655635778294,14858.950642949412,1.7143989470326,4.349291326156783,9.112448786172322,6.783211874806903,ZTF18aamfryk,2306330395115010005,Seyfert_1,TDE
6394,12078.6365491313,11.9614325232037,15191.188606487854,1.8638844433066248,4.049209393869582,8.597789940550058,5.977904820429135,ZTF18aamfryk,2306407545115010008,Seyfert_1,TDE
6395,12062.85263362354,11.971306009131697,15177.302571184293,1.9142056792980784,3.878782933076797,8.531050622251666,5.940959778902181,ZTF18aamfryk,1495446335115015005,Seyfert_1,TDE
6396,11924.91829877133,11.894628763671117,15106.362968842475,1.9662664149032565,3.909405350069679,8.214498057863945,5.596672847547866,ZTF18aamfryk,1654190465115015004,Seyfert_1,TDE
6397,12111.633094389636,11.726837692128736,15290.070858805351,2.006365570783488,3.897690805784448,8.169842503677458,5.439420908378684,ZTF18aamfryk,1210357516215015009,Seyfert_1,TDE
6398,11952.373698163476,11.643457287292083,15206.397170255072,2.0633106301246245,3.765151531626622,7.898917400838256,5.246262787635811,ZTF18aamfryk,1311190905115015004,Seyfert_1,TDE
6399,13159.383239662578,9.95489393544288,16648.781489766694,2.2468082370078037,3.9256597390566568,6.888853410053295,3.675062270349674,ZTF18aamfryk,1516426436215015006,Seyfert_1,TDE
6400,14596.84154884366,9.556027048944976,17725.039621414493,2.1632145155984706,3.7271411632444913,6.8995506377986855,3.183142702814429,ZTF18aamfryk,1449515545115015003,Seyfert_1,TDE
6401,14102.860955975044,9.152464947417348,17600.84048371174,2.2709376154017247,3.8683489870858137,6.701957571286282,3.145738544172914,ZTF18aamfryk,2748330866215010003,Seyfert_1,TDE
6402,12874.434281211628,8.77254172570346,16957.422482416,2.326144304443031,4.094633439410955,6.3790607884099,3.185520004376064,ZTF18aamfryk,2770226086215010001,Seyfert_1,TDE
6403,14493.46974655975,8.525893303386656,18129.47095607093,2.316606206285243,4.139837074460509,6.341824655580258,2.749611277718578,ZTF18aamfryk,2734232525115010001,Seyfert_1,TDE
6404,15310.475432745425,8.437107594615547,18672.058548392688,2.415214669361243,4.194188722269606,6.2948411718768496,2.5386377022626667,ZTF18aamfryk,1522441996215015002,Seyfert_1,TDE
6405,14234.44911744767,8.153966707508856,18134.45068432935,2.501171185225304,4.396463266202551,6.019986990656269,2.5773492153339297,ZTF18aamfryk,1499526405115015006,Seyfert_1,TDE
6406,14606.329141478773,8.259279395199524,18323.29865463587,2.628668646940711,4.216367376452464,5.847805090787564,2.4961592555687564,ZTF18aamfryk,2538558026215010003,Seyfert_1,TDE
6407,14369.697543681352,8.196607880790935,18202.61664179303,2.772904689466545,3.892968964056264,5.6822656468204364,2.484072841454086,ZTF18aamfryk,2307365746215010000,Seyfert_1,TDE
6408,14908.02508013428,8.161738812042882,18557.456446256318,2.924916078699818,3.666559698658949,5.636251347195276,2.2842772022813835,ZTF18aamfryk,1869499895115015004,Seyfert_1,TDE
6409,15377.450456614257,8.123233555894785,18864.802824899263,3.099225007796584,3.6823740255850015,5.645425882743467,2.252366910705314,ZTF18aamfryk,2601463866215010003,Seyfert_1,TDE
6410,15309.098015856574,8.108354307710462,18831.02352131372,3.3057072036595687,3.582198846564177,5.5089081041019154,2.223285055104486,ZTF18aamfryk,2601481515115010006,Seyfert_1,TDE
6411,15788.944286640271,8.081364635774333,19134.655897151893,3.537677452224785,3.5890178830778425,5.496425161655362,2.12489027343845,ZTF18aamfryk,2599524835115010007,Seyfert_1,TDE
6412,14893.328731972031,7.894360937133019,18690.418025506304,3.782871709897561,3.60750856480712,5.278048880063983,2.12101486054414,ZTF18aamfryk,2278381495115010005,Seyfert_1,TDE
6625,237859.4048427333,17.198589858398645,12269.85485219121,0.5917984577249934,5.92654348537998,2.653026504529646,10.26832529190374,ZTF18acvgvir,2182495980115010014,BLLac,TDE
6792,55525.67088079249,6.9297897594617375,12611.540440268778,1.854015509213948,2.9018920871009333,2.0591129455431303,3.6349916232423287,ZTF18aasvvct,2168450761915015003,Unknown,TDE
7000,92623.73992289676,4.921649124761358,20130.331705536493,5.927538218345112,0.2411909246147127,4.2303937253009165,6.205820662987909,ZTF18aabdajx,1874422994015015000,Unknown,TDE
7108,63204.645650705104,12.623664166638624,13132.869219546916,1.760919768147342,1.0379047845262943,16.843414715618145,10.42672482038462,ZTF18abxnvoz,2777369495715015011,SN candidate,TDE
7109,64072.86950149465,12.968168273700025,12855.953725848667,1.7582518320849496,0.9116653647722766,15.709735818420778,10.253642631513667,ZTF18abxnvoz,2812361515715015015,SN candidate,TDE
7189,19141.97178631624,4.93744079154706,11509.387969635303,1.0590364309237037,2.1782627336143534,2.6623373778353465,4.146844190100932,ZTF23abndank,2497130391215015015,SN candidate,TDE
7388,5658.582459527087,4.911363630298693,11906.852533298188,0.2183008455693238,2.8914154493794904,3.1652077190077827,3.781081406563987,ZTF21abzbwfo,1718394602615015005,SN candidate,TDE
7586,20261.05989573133,9.11756934424897,12189.494434941647,0.4042875490373365,3.0392789481258307,11.98886254154354,9.35788847413815,ZTF21aaokvio,1594248713715015009,SN candidate,TDE
7587,20239.60870199189,9.12500021243103,12174.988789550029,0.4311260308206043,2.8181027214516736,11.667191715844456,9.143253684596878,ZTF21aaokvio,1536252893715015006,SN candidate,TDE
7588,21247.708168765883,8.873841454666596,12785.284642611114,0.4277728892161084,2.9632054321871077,10.578095389392038,6.912020794463164,ZTF21aaokvio,1580167893715015006,SN candidate,TDE
7589,21437.12313621797,9.068746944761234,12711.898226071731,0.4029571899812015,2.6326899527413303,10.096518288685443,7.02753183480141,ZTF21aaokvio,1570210673715015003,SN candidate,TDE
7590,21568.575412180235,9.151063785372424,12694.507339008242,0.4301393851963238,2.261302698831593,9.45583169016526,6.989242638104919,ZTF21aaokvio,1553153693715015006,SN candidate,TDE
7591,22128.089135889517,9.40979150990474,12666.470783593424,0.4282003678943856,1.92141217980717,8.637937588672061,6.774807149734773,ZTF21aaokvio,1566169903715015004,SN candidate,TDE
7592,23645.56704175304,9.933531397347169,12679.365092016693,0.33895444052067,1.4803276734610595,7.689781719073781,6.191651722931653,ZTF21aaokvio,1590189803715015004,SN candidate,TDE
7593,25906.259212378845,10.483961186293117,12778.600550590028,0.3040827219624654,0.8592612537529504,6.481787702298679,4.680294321741775,ZTF21aaokvio,1590171643715015012,SN candidate,TDE
7594,26406.76862142057,9.843294208190777,13781.050188007692,0.264032892069046,1.1379732775524596,6.024675617802473,4.537786841774007,ZTF21aaokvio,1555189493715015012,SN candidate,TDE
7595,25396.69868505515,9.626516764094744,13779.697345659531,0.2866786132113499,1.0312259382032738,5.693620119676318,4.047051050434676,ZTF21aaokvio,1538252253715015010,SN candidate,TDE
7596,22006.854388758697,9.16079169062588,13439.058607328772,0.2885328815930525,0.8622786655585064,5.21242204016441,2.9234912069462307,ZTF21aaokvio,1540280983715015003,SN candidate,TDE
7597,21385.90620867904,8.856677975859501,13734.56639555163,0.3250806007188356,1.019847491023032,4.597347053717436,2.849887148996445,ZTF21aaokvio,1536293763715015014,SN candidate,TDE
7598,13516.827739875143,7.228430773619224,12746.422903841883,0.2617753565784124,1.1788975688144383,3.055567314609533,1.860555505583223,ZTF21aaokvio,1592174783715015004,SN candidate,TDE
7980,11517.6960024939,11.814832115318795,11794.953226755517,0.9877328029269168,2.841536064323728,2.060851082598195,4.852097392195633,ZTF18aaousdi,2412261314615015007,Unknown,TDE
7981,10981.9295058953,8.797496104951831,12293.506594439836,1.0637767373599918,2.8954227685959597,2.444514774480792,4.403180696260508,ZTF18aaousdi,2409267024615015006,Unknown,TDE
7982,11083.014280269808,8.849528405563454,12337.907829786744,1.19620454742978,2.8669612283381123,2.363724929211364,3.6430946614994544,ZTF18aaousdi,2440162223415015006,Unknown,TDE
7983,11822.700445776858,7.171018117571542,13765.283150758933,0.8791601733952736,3.476843270202594,2.6856576502815908,2.902772364511831,ZTF18aaousdi,2430217184615015007,Unknown,TDE
7984,10641.690724360493,9.6438237535751,11322.772257896422,0.242503290019042,2.2779076505636318,2.1734643179112103,4.250972426760051,ZTF18aaousdi,2440160304615015010,Unknown,TDE
8066,9464.38107951331,5.365990330798098,13388.250708098383,0.2687064437838384,1.0832564325272205,1.766940544537257,1.8631521937945967,ZTF22abdsthe,2085351511315015005,SN candidate,TDE
8146,9813.765045416814,5.617018875532784,11437.55680021017,0.2843790594258376,2.0683448581183965,2.4556194293461098,2.778215630962259,ZTF20acprazr,1413170745015015001,SN candidate,TDE
8229,17080.47277755193,11.790675767681533,10770.704935679723,0.2148288161439004,4.118468535780908,8.437850256327101,10.418959152200989,ZTF18acvjbvq,2389205824215015009,Seyfert_1,TDE
8230,17512.89622922435,11.958834061047035,10919.700958452891,0.2082749120350199,4.032558470513445,8.16172110618897,8.947762838187934,ZTF18acvjbvq,2389221534215015010,Seyfert_1,TDE
8233,17700.760945400587,12.123930824845448,10963.74146072156,0.3394018648857164,3.215339756478645,7.280696724358603,7.338595443838081,ZTF18acvjbvq,1985189174215015003,Seyfert_1,TDE
8234,17827.46866638769,12.193450152491284,10990.389803739236,0.6743156062823251,2.447378006931347,6.431859626797283,5.7747217965890485,ZTF18acvjbvq,2267358774215015008,Seyfert_1,TDE
8285,15572.160089996356,7.366016836212403,11395.39008857492,2.464797736708837,1.9140374885215008,6.519295170275622,5.167731499385392,ZTF21aaukcog,1604434035515015008,SN candidate,TDE
8286,16266.309349651194,7.807475224518779,11178.938771971863,2.7359527342287357,1.2834698590405471,5.62609408626168,4.711471607850931,ZTF21aaukcog,1589321275515015015,SN candidate,TDE
8287,23891.32983403524,9.130595131807658,12270.56498044075,2.981691123945651,0.6334102195420989,4.175160356382754,1.989950001016272,ZTF21aaukcog,1582404035515015008,SN candidate,TDE
8396,10108.36450818423,6.2212697220822895,12499.405875488575,0.2341712629127279,2.22172141889262,1.5993659060436036,2.911533351595196,ZTF20acoawtj,1620410214015015011,Unknown,TDE
8441,7902.567879497671,5.189230743389989,11969.398772811976,0.2978384727421721,1.4546600347103058,2.2715438637394767,3.0943346574568094,ZTF21aazrgtw,1623252395815015005,SN candidate,TDE
8442,9301.541615782538,5.707010871176882,12449.054650286009,0.3328997528153056,1.1030008059208227,1.925913008654866,1.7636377543695338,ZTF21aazrgtw,1607314405815015003,SN candidate,TDE
8639,8907.2929235794,27.10469506981355,10902.607473322005,1.4092662322709146,1.219074700174117,3.967052075871003,4.605508458913924,ZTF18aassvid,1238323321015015004,Seyfert_1,TDE
8640,6768.896125606494,17.096784535938355,11427.26948545388,1.47537645851703,2.357862618113714,2.654618433873541,4.815684822008061,ZTF18aassvid,1617199301015015015,Seyfert_1,TDE
8641,6527.640331160239,13.306738363445287,11987.179763574495,1.2431306747636544,2.958567723053221,3.325774096454768,5.980933758869693,ZTF18aassvid,1435499375315015004,Seyfert_1,TDE
8642,6505.394810950002,13.740210471393576,11857.276308657256,1.2847190029615017,2.8397918859071094,3.090752147050349,5.973084936302286,ZTF18aassvid,2663344735315015003,Seyfert_1,TDE
8643,6346.619877812617,13.09505427182619,11803.444964418708,1.2772830787833107,3.0188282242653206,3.2022526577822306,6.184284250671344,ZTF18aassvid,1266257461015015011,Seyfert_1,TDE
8644,6070.827909840386,12.079198407460424,11662.925907994026,1.3002392023526104,3.0961823778693955,3.313211114913138,6.353911134180289,ZTF18aassvid,2734259511015015008,Seyfert_1,TDE
8645,5859.387105828027,11.392195202642624,11534.6785024416,1.3148684119589753,3.325327028332345,3.4214771348971267,6.573346270383375,ZTF18aassvid,1777487445315015001,Seyfert_1,TDE
8646,5663.84506258094,10.789056893471052,11397.607482939527,1.3277260511555262,3.536523116337919,3.533249210810788,6.715199198754126,ZTF18aassvid,1269248275315015005,Seyfert_1,TDE
8647,5715.154233229095,10.531462954594172,11544.048360608884,1.3693690672941914,3.360242104265577,3.5962988405065914,6.571518859374662,ZTF18aassvid,2002279361015015012,Seyfert_1,TDE
8944,6612.419311664499,5.9298321948798165,12520.759986990985,0.2286947433979221,4.249854813929457,2.13955383435691,6.063804883325903,ZTF21aagskhr,1512363576115015003,SN candidate,TDE
8945,7235.521768067363,7.015267010161084,12946.156811521116,0.2017906749054654,3.609212215169298,1.92628900371756,4.866235883326214,ZTF21aagskhr,1569341646115015007,SN candidate,TDE
8946,7310.208540833134,7.382676220664475,12930.885566679632,0.2116590264833033,3.3050738604693963,1.6795854393308909,4.622977339483746,ZTF21aagskhr,1559259444815015004,SN candidate,TDE
8947,7221.233689316609,6.870150515352498,12974.305353380858,0.2157445913722387,3.412650005457439,1.603110637897028,4.643305440923155,ZTF21aagskhr,1559302186115015002,SN candidate,TDE
9266,18353.47249374145,5.8741477557548025,19843.31513439651,1.0558601536822856,1.280297498723582,2.698183897802212,1.6081289690326284,ZTF20acjpbni,1389409391015015001,SN candidate,TDE
9445,6630.989939384752,11.606012602008542,9428.214690818384,0.253137115072323,0.9126575980214244,2.1270120594669737,2.346124656717808,ZTF24aaxmpyh,2784409456315015033,SN candidate,TDE
9461,8902.375015823965,11.980962052173826,14757.975149021671,0.6799517491335666,3.59136947902002,3.791676183797652,4.605962413254678,ZTF18accnpjg,1536308104015015019,Seyfert_1,TDE
9462,8699.117402837102,12.234930322154684,14510.454793931292,0.7010997025278342,3.3536261216247496,3.6864927538539214,4.7055020649061134,ZTF18accnpjg,1587218354015015012,Seyfert_1,TDE
9463,12388.795728037358,15.546513936993096,16488.981649645433,0.6238966600375531,2.035396931152526,2.650403631404576,2.7582947514540157,ZTF18accnpjg,1594243544015015017,Seyfert_1,TDE
9464,13877.188205709555,16.782134844202456,17038.57323943426,0.6420259292371681,1.7808611676615216,2.387926853432103,2.28539998622323,ZTF18accnpjg,1550154514015015013,Seyfert_1,TDE
9465,13623.97774497614,17.56719385025727,16612.700313356097,0.6805965124431315,1.5271770755266256,2.23242141703164,2.3421707234531928,ZTF18accnpjg,1587181494015015013,Seyfert_1,TDE
9466,15545.096675021612,18.949622418624983,17193.92690826049,0.7267910548919863,1.2801299824135342,2.0094153114329134,1.86946666170517,ZTF18accnpjg,1589245494015015013,Seyfert_1,TDE
9467,15543.8268484178,18.39832726354793,17414.305513177747,0.8051521624554716,1.259674411137787,1.89137028299974,1.8656999741164613,ZTF18accnpjg,1582325194015015008,Seyfert_1,TDE
9836,9733.778153603116,5.839736705969404,10695.646194491675,0.4223178736010961,3.066860847694319,5.854148336426688,7.358051516415713,ZTF22aajcupz,1948280815815015012,SN candidate,TDE
9958,9181.385977791017,6.126662927268812,11123.345498986831,0.2371991676543017,1.3662283604884904,2.064820317311206,3.069811546047572,ZTF21aaxlbad,1581423712915015003,SN candidate,TDE
10397,11472.603104243535,23.369799354012528,13953.129611213051,2.561555109538752,1.5924761627020572,2.96143150543233,3.30796899886578,ZTF18aahweiu,1130532983115015009,Seyfert_1,TDE
10398,18748.573242030165,30.39972890489258,14614.351820981265,2.35568447848428,0.4161194620817669,2.2668809517576163,1.6760208184290202,ZTF18aahweiu,1200308743115015028,Seyfert_1,TDE
10544,5970.498892716663,4.96696202403426,11514.747749840064,0.2093112013739647,2.523643791651024,4.490937984635542,6.276072973644973,ZTF20ablxpas,1309413322715015006,SN candidate,TDE
10634,15440.548328852994,4.744145662284012,11600.098786917755,0.4280709707421841,3.1313484014121524,4.138024379721674,4.427880901975152,ZTF23aaarwbd,2218434652815015010,SN candidate,TDE
10635,16308.481989228032,5.295261865362094,11494.23819952768,0.3198135065729461,1.913639161175421,3.343734039276661,3.953643015830322,ZTF23aaarwbd,2240478632815015015,SN candidate,TDE
10636,16929.430929682738,5.75961553965931,11049.15289956641,0.3248737143633635,1.548713152693569,2.989857642178237,3.650095761133423,ZTF23aaarwbd,2240400752815015013,SN candidate,TDE
11412,7449.385274051643,19.45458503265472,13118.697926103703,0.2173638799902941,3.4099096982812758,2.7553485423898025,3.409251574012677,ZTF20aadvlaj,1918152960515015009,Seyfert_1,TDE
11500,5343.272230917823,77.26874270061542,11928.341639066535,0.3188997813502136,0.3680873920221449,1.9910511188227784,2.6012242947421256,ZTF18abjivac,1682219214715015004,Radio,TDE
11694,6698.76697798609,5.701957537712912,13815.63164511634,0.3434161587722145,2.655830496306852,2.1216490620874127,2.9002041237134533,ZTF21abavqaz,1608388783715015003,SN candidate,TDE
12140,11925.579377176538,5.2682217934019455,11962.554292505944,0.1981293793061036,1.3993904677435849,2.3410337839781734,2.045442467245911,ZTF21abxzzys,1724184731315015002,SN candidate,TDE
12141,11655.239818684557,5.11211335361809,12010.856515148476,0.2622813998952578,0.9160826752175968,1.811773238643557,1.8809660792798293,ZTF21abxzzys,1750120561315015004,SN candidate,TDE
12482,12087.794044397804,5.131510680085108,11041.639390714725,0.3882894620333486,1.5538379752204348,4.664561803584406,5.321098479238735,ZTF23aansdlc,2384195264615015005,SN candidate,TDE
12483,16184.824321980264,6.061967567691697,11440.93250949669,0.2494411242781523,0.5388856815404407,3.543511424930028,2.4769226128011854,ZTF23aansdlc,2364247984615015008,SN candidate,TDE
12484,21501.218081593903,6.618818609450176,11965.475228995958,0.1982451923724268,0.1057730664135965,3.1504646705324904,1.5447354860467402,ZTF23aansdlc,2358255064615015005,SN candidate,TDE
12576,10662.331162527407,20.252489185142824,16281.499049026635,0.693766416458333,4.746459071124835,2.577441297070843,2.2056137752731697,ZTF19aankqzx,1955171213615015014,Unknown,TDE
12577,10174.91865215696,19.59438415023155,15944.222712042609,0.7259057279542206,4.808774942445593,2.615625402438252,2.2537636025105594,ZTF19aankqzx,1869313353615015005,Unknown,TDE
12995,17466.49699841374,19.141740679118087,10706.700328746168,0.3138053053045267,0.1451574509697724,1.8553714613079404,2.868717071158045,ZTF18aaqwiic,1885261405215015011,Unknown,TDE
13157,9775.770631873103,9.24873645102956,11373.44639544442,5.2772775396766605,3.4649114241023606,3.2993219440594515,3.8615306076895326,ZTF19aaapipk,2732192682415015004,Seyfert_1,TDE
13265,8026.779817356067,4.981050499822162,11479.826824200243,0.4883229286478134,4.165147947894795,2.6863345394279747,5.7007828270536764,ZTF23abhailb,2462459966115015012,SN candidate,TDE
13266,8318.770525128997,5.237688184459421,11645.996430996776,0.5393019221473269,3.551143217482797,2.5858005404334645,4.989050801909318,ZTF23abhailb,2483457156115015023,SN candidate,TDE
13287,6141.972837450173,5.5877898383890505,11345.182191779006,0.296797430197904,4.530393629674061,5.1607981624718,8.573801244189985,ZTF18aasxahh,2408203913715015004,Seyfert_1,TDE
13294,6443.7487219981485,6.353879867461481,11298.64646788576,0.230596964074265,3.24725496016323,4.283651345782256,6.7942585403393885,ZTF18aasxahh,2650415743715015009,Seyfert_1,TDE
13295,6424.849738298288,6.334876645197201,11283.72463409101,0.2440790450232632,3.25785271953333,4.154003996575552,5.991748455338892,ZTF18aasxahh,2381237693715015003,Seyfert_1,TDE
13296,6423.669711774314,6.348123707119715,11273.617464394354,0.2591989004075501,3.0955307370174503,4.089386038219413,5.979939171976644,ZTF18aasxahh,1885454083715015015,Seyfert_1,TDE
13297,6343.008097509406,6.573468157348769,10991.004048183964,0.2174303044732622,2.9360544712337653,3.940532179978168,6.212528937301389,ZTF18aasxahh,1885395703715015009,Seyfert_1,TDE
13298,6482.02939909674,6.695757809889865,11091.64383592189,0.228588878200754,2.720646431210868,3.7218400930575113,5.305677649548689,ZTF18aasxahh,2573520843715015010,Seyfert_1,TDE
13299,6388.062138883139,6.623142119380514,11022.658327689478,0.2441251030343979,2.7582873917455903,3.611669271140173,4.797941168473144,ZTF18aasxahh,1972297603715015006,Seyfert_1,TDE
13300,6410.00429279914,6.792576300316435,10906.264851094156,0.2542290493076436,2.5099742631447177,3.4212360871416663,4.786985483964043,ZTF18aasxahh,1984213533715015012,Seyfert_1,TDE
13301,6433.027600464886,6.816478546633054,10917.840536658408,0.2770176739395681,2.4916659745454703,3.3027111129413065,4.344653031918352,ZTF18aasxahh,1984254383715015004,Seyfert_1,TDE
13302,6474.055780800683,6.964685787771341,10836.569805093191,0.2990642782324136,2.261264481245225,3.1096214054268545,4.285641009342261,ZTF18aasxahh,2010226453715015004,Seyfert_1,TDE
13303,6618.087020338897,7.1069139100119045,10901.6671802796,0.3307393411426633,2.0594032691225395,2.751547844494355,3.2936715256494056,ZTF18aasxahh,2010275053715015006,Seyfert_1,TDE
13304,6757.391682977996,7.359489789182746,10818.245273593378,0.3560830328800569,1.6382791660808178,2.5722888687672927,3.0826195502383618,ZTF18aasxahh,2669300563715015006,Seyfert_1,TDE
13305,6631.680738369213,7.256190855985078,10766.58067058395,0.4061250671136886,1.6854951400482705,2.36846566686046,2.57052315344192,ZTF18aasxahh,2313361963715015004,Seyfert_1,TDE
13435,28047.058698126664,11.90132020697984,10645.761674902104,1.519305222779631,0.3908792760760343,8.33226608941457,4.587613719389608,ZTF24abmybnp,2855385404115015005,SN candidate,TDE
13436,35671.97860390041,12.752801919461088,10924.536846007271,1.3033230975707266,0.0027085769952861,7.79889386636045,3.072202736783067,ZTF24abmybnp,2864428134115015006,SN candidate,TDE
13437,18688.080903850005,9.435632965449628,11770.278808841134,0.8853590925528199,0.9273679957834348,4.9589824701287375,4.663588682633054,ZTF24abmybnp,2870471584115015009,SN candidate,TDE
13438,13947.289895195148,8.30215978846344,11058.445406195398,0.2274018724714155,1.2768870932489051,5.251869547825872,5.320010458707507,ZTF24abmybnp,2873539504115015014,SN candidate,TDE
13439,15489.351116975691,8.45992234579415,11526.532692556808,0.2423672623336943,1.1566185246587508,5.122420312715835,2.9040527293479688,ZTF24abmybnp,2874430904115015002,SN candidate,TDE
13440,14160.730732310616,7.89639889455963,11606.380030041051,0.3556630614435456,0.9564370781188314,3.947907021848344,2.6626315220713463,ZTF24abmybnp,2850480544115015004,SN candidate,TDE
13441,15000.18477446591,8.305431441113608,11422.422544089535,0.5044814242162979,0.3983928257340882,2.93197122482222,2.014171170153481,ZTF24abmybnp,2861426704115015010,SN candidate,TDE
13442,13910.757710306934,7.159008245680483,12718.417058770025,0.8168822975704416,0.970318662521565,2.319327754450914,2.575599209073455,ZTF24abmybnp,2855476754115015014,SN candidate,TDE
13443,8931.528932620016,5.639402548232466,11625.905728798316,0.4581702359631697,2.870642850585462,4.499016933300286,6.488702632550899,ZTF24abpiwwi,2867518410015015000,SN candidate,TDE
13444,8933.19354938961,5.63313635018253,11630.051115605902,0.4963413252976537,2.706353866698362,4.342871196371997,6.464188818300141,ZTF24abpiwwi,2869507450015015005,SN candidate,TDE
13445,8634.190899055764,5.470498273499805,11488.227385339977,0.5190176253864227,2.826676018863595,4.276905309892931,6.165016466637426,ZTF24abpiwwi,2874528221315015002,SN candidate,TDE
13446,8484.246717407028,4.902616199586917,11727.37675290204,0.4387868499319807,2.68434081392024,4.377812654122764,6.2946324669104445,ZTF24abpiwwi,2869496381315015003,SN candidate,TDE
13477,16340.827722799331,12.757310406627868,10553.033727647502,0.3470822429300539,4.449427921685039,4.803204724406389,6.277519210041143,ZTF19adcfsoc,1217273725315015002,Unknown,TDE
13478,17788.76164666976,15.411318484495084,10586.769726188884,0.2433515294210605,2.6054776099744856,3.687249273826883,4.686502414762595,ZTF19adcfsoc,1201289795315015005,Unknown,TDE
13612,10023.625994303966,5.1029756553178505,12100.806618172102,0.4392315992088701,6.125317917355002,9.994159679276274,10.354542034439582,ZTF21abyjydm,1714222770315015001,SN candidate,TDE
13613,10039.3433955427,5.085267794856015,12124.682391652936,0.4517986886829945,5.360735975084415,9.812593339463826,10.201723741291149,ZTF21abyjydm,1775120611415015001,SN candidate,TDE
13614,10963.12912185836,5.504610459533351,12549.603040692842,0.3602692357886228,3.611972194623278,8.539284184911375,8.657995455424135,ZTF21abyjydm,1726182241415015001,SN candidate,TDE
13615,11178.01845948278,5.573747133864037,12651.391250166793,0.3441868298568555,3.5314997749040016,8.412668380406146,8.374305565431795,ZTF21abyjydm,1726305761415015002,SN candidate,TDE
13616,11207.860222147294,5.5485968867842965,12690.215868050633,0.3550098977249544,3.377193640150946,8.232433424006954,8.259918711466243,ZTF21abyjydm,1722243860315015001,SN candidate,TDE
13617,11130.336388167863,5.516815382630312,12657.410130318603,0.366345960953693,3.3963729608586744,8.086209426095749,7.889122854716614,ZTF21abyjydm,1714157241415015001,SN candidate,TDE
13618,11461.679312893046,5.231490888295459,13105.31355840765,0.2830297005498365,3.4747143982123405,8.125117241749276,7.256597454855905,ZTF21abyjydm,1716222871415015003,SN candidate,TDE
13619,11557.10530321722,5.258026484999521,13147.730216229556,0.2927146202962113,3.264039639749139,7.901067411905737,6.829168500020292,ZTF21abyjydm,1719198860315015002,SN candidate,TDE
13620,11278.203156655924,5.189617090093011,13018.313511514516,0.2885997198109804,3.313717014617706,7.855271780179705,6.75321542450383,ZTF21abyjydm,1719236501415015002,SN candidate,TDE
13621,11452.79043866137,5.058510097541942,13254.03108289816,0.2848652678136078,3.2473157798212364,7.586158657523975,6.407834184689399,ZTF21abyjydm,1744138140315015002,SN candidate,TDE
13622,11577.650744195063,5.086188473396464,13310.34889619198,0.2954251846896657,3.208251474065452,7.369097863558199,6.024924234765907,ZTF21abyjydm,1712159441415015002,SN candidate,TDE
13623,11706.055518377883,4.992243675554083,13486.365499036294,0.2989320721374009,3.095137169828715,7.156987729197323,5.803540882690643,ZTF21abyjydm,1730177561415015006,SN candidate,TDE
13624,11293.628258189934,4.888632203112579,13314.584363926117,0.3009150572916666,2.806616390882498,6.949308314036471,5.497438706082827,ZTF21abyjydm,1730239911415015005,SN candidate,TDE
13625,11339.28152560578,4.855713528046869,13387.313590420186,0.3135119502544938,2.8368596513026945,6.753751437317402,5.414458597065339,ZTF21abyjydm,1767122761415015000,SN candidate,TDE
13626,11364.245264311912,4.836666807693689,13424.765672789472,0.329838459456609,2.841637622209532,6.366953827367384,5.291991255666458,ZTF21abyjydm,1744137211415015005,SN candidate,TDE
13715,21953.52895325832,35.99320199022682,13314.666596714547,4.597050936400705,1.802870084492106,6.584159945728451,6.024748151479747,ZTF18abqarng,1322420922815015026,QSO,TDE
13716,21687.831852253825,34.47085141109391,13578.04192869957,5.01662541053818,1.9806616612580703,5.922178060612858,5.894380445230259,ZTF18abqarng,1776297252815015010,QSO,TDE
13717,16974.27496765424,23.925516732412326,13551.478825524697,5.440546272173524,2.035103515933329,3.129485632125593,5.091638681299551,ZTF18abqarng,2072440762815010002,QSO,TDE
13718,16404.009132568717,22.66202301871958,13495.6003166808,6.109664499034038,2.2038129613459496,2.8951220713484185,4.832772492411973,ZTF18abqarng,1500129972815015011,QSO,TDE
13719,16224.109178932404,21.57497140787349,13599.78339267644,6.874369831879065,2.1833876249622053,3.0196875014905955,5.1829520856863,ZTF18abqarng,1328456512815015063,QSO,TDE
13720,17993.774644544188,14.586520215341675,15678.077248738738,6.963737448905705,2.941947801676074,4.075983934878916,4.69020563658582,ZTF18abqarng,2095443192815010020,QSO,TDE
13721,23479.292116646247,16.832254117356182,17272.769601676744,7.55376617710197,2.4178408907657403,3.6078443147494954,3.5292068404951404,ZTF18abqarng,1039363622815015019,QSO,TDE
13722,28614.3631258417,14.253143066315555,19675.53979857098,8.664665093904574,2.830198658557179,3.810791302171773,2.821625528330254,ZTF18abqarng,2801497322815015016,QSO,TDE
13723,44584.80307416976,9.795254751860458,25476.00633845923,5.440568680499715,4.4566236203706,3.912902883663832,4.571215894439626,ZTF18abqarng,2599153412815015009,QSO,TDE
13724,42043.02326901968,11.796650099217574,24116.46815622875,8.096704011045817,1.9748165913629037,2.535687541497753,6.312360395132201,ZTF18abqarng,1380423092815015017,QSO,TDE
13828,6818.7813783416495,6.029476547356083,11439.71071578833,0.443832111960847,4.509164071646324,4.443071068055478,8.699686594794462,ZTF24abccufc,2852137785015015001,SN candidate,TDE
13829,7001.61404889927,6.237998769074394,11568.945418927273,0.4244572622524123,4.180344928489332,4.299500699355182,8.233491246165476,ZTF24abccufc,2822134736215015018,SN candidate,TDE
13830,7104.804751197373,6.3788288910230175,11633.730384742346,0.432938113811715,3.769875194392539,4.161330865080941,7.843619991849422,ZTF24abccufc,2812156776215015014,SN candidate,TDE
13831,7120.413475976394,6.201459433413936,11717.446387504577,0.4341285014263975,3.729842526410687,4.165654667251645,7.723198060154682,ZTF24abccufc,2807199425015015008,SN candidate,TDE
13832,7113.137553693754,6.245370149364105,11692.552847272422,0.450776790300982,3.695347351169537,4.051629470564373,7.747386657934372,ZTF24abccufc,2822179225015015006,SN candidate,TDE
13833,7673.923731239282,6.849458654309661,12034.87308538261,0.4080118038581007,3.175423054051453,3.6947675295130806,6.455764608750927,ZTF24abccufc,2811220725015015005,SN candidate,TDE
13834,7579.124295009612,6.758947187815563,11976.43526011504,0.4233783595896483,3.2188478059722705,3.6472197400131616,6.270823258240262,ZTF24abccufc,2811261275015015008,SN candidate,TDE
13835,7555.504273654925,6.377117107644747,12106.572388968672,0.3875242530637686,3.283086898081574,3.4314655850513494,6.276502794243128,ZTF24abccufc,2813237515015015005,SN candidate,TDE
13836,8228.057631386195,7.188826502151565,12405.529962579549,0.3313387573910681,2.7009755432276745,2.9872817748826304,5.2340478822865135,ZTF24abccufc,2849157415015015005,SN candidate,TDE
13837,8155.178639758034,6.389370481197424,12699.32921281559,0.2785026697430702,3.1169002477991232,3.167905781542744,5.302236061521619,ZTF24abccufc,2849135386215015008,SN candidate,TDE
13838,8269.16887488964,6.509898941815889,12751.518478005317,0.2931382309063592,2.434351156809795,2.8156689382269606,4.505102721668295,ZTF24abccufc,2792222705015015008,SN candidate,TDE
13839,8638.178803180044,6.75958140794191,12948.121103251427,0.3018785288082573,2.2992706895155863,2.6443989158072987,3.822176928501576,ZTF24abccufc,2802145755015015006,SN candidate,TDE
13853,8639.834641583155,15.585072563641257,12465.946459626704,1.2206051118001744,4.251432865406229,7.99770110153724,9.118895132342004,ZTF18aalsiji,2033308070715015003,Seyfert_1,TDE
13854,8693.503470479436,15.46623700806044,12545.419085231782,1.251589581785697,3.780004682313859,7.978616655268315,8.893206449771851,ZTF18aalsiji,2733218480715015004,Seyfert_1,TDE
13855,8438.254435651965,15.12588357938856,12397.17409090842,1.22963812212421,3.886546113719215,8.078392516774606,8.985312500311181,ZTF18aalsiji,2660456655715015001,Seyfert_1,TDE
13856,8591.079688592523,14.923400235675162,12607.261082362538,1.210563077751183,3.897179064479954,8.045744456683074,8.337677333873836,ZTF18aalsiji,1996256245715015001,Seyfert_1,TDE
13857,8793.93203575969,14.706767450601658,12871.38467468981,1.1927334932107891,3.974396382923392,8.101344240517275,7.896267695688471,ZTF18aalsiji,2759239725715015000,Seyfert_1,TDE
13858,8644.693241951334,14.49640216239045,12796.238116659302,1.2040971003255678,4.048646218557435,8.149115155018558,7.911819149437867,ZTF18aalsiji,2759286120715015010,Seyfert_1,TDE
13859,8735.899171887568,14.691237582877656,12818.175286398431,1.3253938341973155,3.9093492268800434,7.61668799889276,7.283568237871498,ZTF18aalsiji,2040261465715015000,Seyfert_1,TDE
13860,9310.504684793992,15.165612286898387,13123.61451542268,1.4348192297328677,3.008663813903562,7.185113323565232,6.463403985734378,ZTF18aalsiji,1883364790715015002,Seyfert_1,TDE
13861,9315.68567972008,15.166267663954002,13126.5729906899,1.5000310412697722,2.813661567241931,7.1260282293371775,6.350228290722918,ZTF18aalsiji,2357434840715015006,Seyfert_1,TDE
13862,13891.667799954765,17.94935921627026,14916.405542231138,1.2158480644377223,1.80296235741351,6.07440980837609,3.7382439179012086,ZTF18aalsiji,2663349025715015000,Seyfert_1,TDE
13863,13724.14124034904,17.873025718408257,14861.40071235276,1.2829165997464476,1.8205211350813424,5.830133432978682,3.344701542884542,ZTF18aalsiji,2009309030715015008,Seyfert_1,TDE
13864,15180.254943943355,19.483250353642237,14673.9144276692,1.2788536045956016,1.4273594654649786,5.198471856566862,2.931250446474868,ZTF18aalsiji,2009366010715015001,Seyfert_1,TDE
13963,11766.3401644562,5.832581394068525,14548.274884987706,0.2953015120190437,1.6578681636204942,1.911679980176922,2.059449940848792,ZTF21abcpazz,1613349321815015016,SN candidate,TDE
14226,6369.933946565078,27.13559023488499,11204.58893784746,0.4360877090119246,1.8498049811204704,2.362517499566112,5.032348539321466,ZTF19aadbcbc,2844368511315015027,Unknown,TDE
14227,6283.12469113055,25.97784279687516,11273.36384963468,0.4445194618103227,1.93645091690867,2.436847262866484,5.517281837233305,ZTF19aadbcbc,2844368980015015004,Unknown,TDE
14228,6447.410329798804,27.0260243827407,11313.089772122235,0.4503340606852056,1.8188388417881003,2.2845246195267324,4.856238284465149,ZTF19aadbcbc,2844444570015015006,Unknown,TDE
14407,7463.133537740939,6.143922208364148,10986.04698818157,0.2617776851962211,1.1326952908231258,1.706087012897581,2.061752596552697,ZTF20acrjied,1425485670115015003,Early SN Ia candidate,TDE
14489,7759.885141422077,17.602367837410366,11477.32382083106,0.7119825528544488,3.900266593373325,1.9429824016718944,4.207727450102225,ZTF20acbbsve,2789334584515015004,Unknown,TDE
14683,11286.607465512614,4.978971092304179,11545.43334482581,0.9508667574385752,3.666651587300465,3.0950571695478857,5.072483013672798,ZTF19abxmvcq,1768190423515015007,Unknown,TDE
14685,12696.479709040454,4.83812646454109,12412.841520254118,0.6958787784818353,2.1072786935596857,2.928918108522302,3.867637192622192,ZTF19abxmvcq,1772210263515015015,Unknown,TDE
14821,9356.083116384714,4.797660447048693,11683.559482786302,0.3613837953706863,1.785767171549617,3.030215204482725,3.2840268027883925,ZTF23aaejyuo,2301426052215015061,SN candidate,TDE
14822,10705.92590414884,5.730175745593092,11425.8628168522,0.3317947915979808,0.8098505810110024,2.116607905831889,2.0063808380501182,ZTF23aaejyuo,2330388732215015012,SN candidate,TDE
14901,30460.35468366324,4.874698434724811,13168.775243800865,0.3908315105495553,4.697227654085323,6.184989469484637,9.291078802707649,ZTF21aagpymw,1555233004215015004,SN candidate,TDE
14902,30619.886230248358,4.762651360115204,13257.955130400933,0.4021406202065744,4.415912205094741,6.030732880721461,9.121714986630865,ZTF21aagpymw,1504341074215015007,SN candidate,TDE
14903,32441.685759189157,4.99305896300454,13588.121255130214,0.3528983102781464,4.172932036297142,5.7469288496257525,7.563107282834557,ZTF21aagpymw,1575232904215015003,SN candidate,TDE
14904,36533.68498120309,5.436536768625328,14259.217031546475,0.1919443146490962,3.4011192135469366,4.368564989083953,5.642324553305264,ZTF21aagpymw,1496377364215015005,SN candidate,TDE
15015,8216.82899823737,5.7785665791704695,11341.346293612602,0.2666807325144594,3.71816785398536,5.822688953073328,7.659296215164609,ZTF21abrzxdx,1716404163815015014,SN candidate,TDE
15016,8235.826722932676,5.784508131197391,11354.517593212364,0.296072211105556,3.706979069929025,5.744056712538462,6.899934082301727,ZTF21abrzxdx,1718435613815015010,SN candidate,TDE
15017,8294.999838643167,5.716697997196729,11462.976304566217,0.3177244181304673,3.43058743537734,5.7357385061888735,6.689769990919889,ZTF21abrzxdx,1720327783815015004,SN candidate,TDE
15018,8448.699936477935,5.756675912233419,11570.676452676253,0.3578455900365296,3.385735114248502,5.60629358063555,5.549191498557938,ZTF21abrzxdx,1729281523815015006,SN candidate,TDE
15172,21114.748467780824,5.848238376801296,12048.79195307035,0.6700557939358981,4.843629909464223,8.26337098702559,7.421701697640956,ZTF23abvokyz,2610132251315015011,SN candidate,TDE
15173,23544.60136489427,6.764027100299773,12251.672885346105,0.2419309267302425,1.9213411602921031,5.587717084969425,6.294867909722177,ZTF23abvokyz,2552125621315015005,SN candidate,TDE
15174,23387.915158150478,6.751426865367929,12219.3869709757,0.3019799285077303,1.9097099042818817,5.424605942550656,4.457431455647661,ZTF23abvokyz,2597139561315015015,SN candidate,TDE
15175,23710.07657505005,7.117126879403921,11878.363827357807,0.3060293545309002,1.4199287486909573,4.555931712096243,4.466091384116679,ZTF23abvokyz,2572258631315015003,SN candidate,TDE
15176,28524.02403092481,7.467770962646829,12535.751763751514,0.2580711713666095,1.1560805055744263,4.41038854380487,2.515184194098089,ZTF23abvokyz,2604132311315015010,SN candidate,TDE
15189,9986.999092780816,18.626411603814077,10717.858920201292,0.2380689543177717,0.1388899235823957,2.100542948649659,2.56213550288631,ZTF24abnezdq,2852411226115015009,SN candidate,TDE
15675,10663.025926575869,8.49088549804103,11858.831935370556,0.2572240009129013,2.077386332917033,3.887353985155879,4.879117487677023,ZTF24aaimfrw,2680177084215015007,QSO,TDE
16644,19396.725220288143,5.706458456771649,14345.765930753218,0.5910866466546278,0.0358128929655207,1.9296023757729512,2.361970406945143,ZTF23abdirnr,2452505452915015006,SN candidate,TDE
16749,9189.063320620207,5.014378918034082,14612.70810707262,0.3629339624066967,4.030029901538833,2.189026269862256,4.03157798030561,ZTF20abefeab,1303175282315015002,SN candidate,TDE
16750,9186.033435244906,4.993731861396515,14618.199019252748,0.4082821686055111,3.4528395153319527,1.959240522752117,3.7909916163013206,ZTF20abefeab,1292229282315015005,SN candidate,TDE
16767,16177.088647512006,6.566753838859578,10440.019923963324,0.4954166231364398,0.4175361995323962,3.7772735874488665,2.858287994452489,ZTF21aaopqqk,1594433022915015017,Unknown,TDE
16768,14951.329046531624,6.314779235245783,10270.117492949375,0.6862932887823722,0.5544162490658533,3.038399790569412,2.5588145979751,ZTF21aaopqqk,1547508002915015011,Unknown,TDE
17530,9201.942204750349,14.753047524030135,15683.122310196117,0.6918453820678965,4.202080851709899,3.9116769109411793,2.800806419858193,ZTF23aawzdxd,2472188915115015010,SN candidate,TDE
17531,8838.489186010222,15.087529766298749,15278.884017981796,0.7074276272833755,3.835083376549778,3.7875354338364233,2.900566836189024,ZTF23aawzdxd,2461231385115015023,SN candidate,TDE
17532,9197.1693066115,15.30427696436934,15543.744933145415,0.7429091556324022,3.631651338696084,3.72014375799747,2.632881366983629,ZTF23aawzdxd,2453230395115015009,SN candidate,TDE
17533,13074.058907849849,17.340070488664626,17863.509170762965,0.7797870449528901,2.8882401272885407,3.3213602523210697,1.7343822001591085,ZTF23aawzdxd,2508170335115015005,SN candidate,TDE
17534,12409.768585315556,18.45998763692649,17108.83298089683,0.7711475856512229,2.3814563729635734,3.0601146363232816,1.8192489297014207,ZTF23aawzdxd,2429324695115015011,SN candidate,TDE
17535,11387.08003958275,20.10909998003468,15894.10207749723,0.7440619542635982,2.07255129004628,2.773923929116334,2.045384999705911,ZTF23aawzdxd,2481148105115015010,SN candidate,TDE
17646,9866.302401618635,14.717741130526232,13020.630032116527,0.8135986865321633,4.997803033400931,7.984646168947389,8.860903193404276,ZTF19aayijkh,2096171490015015002,Unknown,TDE
17647,9642.936088155826,14.329652384237145,12915.537922738558,0.8078571664271506,5.15316891600624,7.88069013942042,8.855777089870745,ZTF19aayijkh,2397401961315015001,Unknown,TDE
17648,9605.22316442188,14.759355731672766,12801.241980277136,0.8126006176860635,3.969315126515533,7.44035767394627,9.003534887132863,ZTF19aayijkh,2878086590015015000,Unknown,TDE
17649,9607.96506999668,14.784993813475303,12798.423983720222,0.8301185224821903,3.956995030240254,7.341391265177049,9.008749321843135,ZTF19aayijkh,2359421351315015003,Unknown,TDE
17650,9324.350215052136,14.273882486831443,12672.069191253606,0.8316327466700177,3.994084752834139,7.076509825588773,8.827354153191827,ZTF19aayijkh,2794314121315015001,Unknown,TDE
17651,9330.246097168612,14.129201066657023,12704.16829522223,0.8474516313353501,4.040584510934907,6.991403386781543,8.814116594674255,ZTF19aayijkh,2371422380015015003,Unknown,TDE
17652,9349.225725648688,14.165061172855236,12714.590867765088,0.8670393470818,3.8928366394393192,6.874725097247308,8.56747400665517,ZTF19aayijkh,2371388180015015004,Unknown,TDE
17653,9082.010262636515,13.682968577985932,12590.699617255965,0.8630446924965963,4.061298725168378,6.766322717602407,8.55696599934337,ZTF19aayijkh,2362441561315015004,Unknown,TDE
17654,8338.130384699469,12.412343375189794,12199.066031051409,0.7901768374955636,4.562867385558693,6.7681348810808695,8.815480527476812,ZTF19aayijkh,2425357161315015003,Unknown,TDE
17655,8401.669152103817,12.650395011304113,12203.780811408304,0.8442283962959845,3.908687732684312,6.055071214681769,8.423940847651474,ZTF19aayijkh,2447258901315015001,Unknown,TDE
17656,8396.01411902167,12.664005334561908,12191.76993171848,0.8375353482834509,3.357201234828562,5.481717781124665,8.461631463877332,ZTF19aayijkh,2119149320015015005,Unknown,TDE
17657,8483.731855234551,12.826521565077527,12231.074370767148,0.8562723226966321,3.300694001781089,5.310451311945734,8.124093856701723,ZTF19aayijkh,2723397410015015003,Unknown,TDE
17658,8484.000150957692,12.589377839707772,12291.558609272204,0.8765048711666038,2.898182894169788,5.284258320838204,8.127103665136705,ZTF19aayijkh,2803284461315015001,Unknown,TDE
17659,8351.552363457491,12.382611810338998,12227.49709510989,0.8988383684041031,2.8116982660246745,5.23442697311591,7.819446506528162,ZTF19aayijkh,2483247690015015003,Unknown,TDE
17660,8390.072547843816,12.046484038653633,12364.617355508311,0.914091863326294,2.905130676707351,5.269595917431668,7.717468567774865,ZTF19aayijkh,2483171660015015002,Unknown,TDE
17661,8369.117193008951,12.02025378143401,12353.980325677809,0.9434880514215048,2.9126046643932626,5.14121674384195,7.297349274426168,ZTF19aayijkh,2472189840015015004,Unknown,TDE
17662,8013.86724051124,11.529326008961633,12167.720468024316,0.951920297566522,2.920348860631913,5.23385343399374,7.154597440517321,ZTF19aayijkh,2373397360015015007,Unknown,TDE
17663,7730.935575071093,11.202588712523395,12000.077659608209,0.959271896761661,3.0290963334723475,5.304736873774922,7.169537855144067,ZTF19aayijkh,2750419091315015005,Unknown,TDE
17664,7754.899434752326,10.83100125151453,12153.1208838699,0.9675759711830768,2.9880739960104865,5.393746732498531,7.1179907342667015,ZTF19aayijkh,2822252991315015002,Unknown,TDE
17665,7371.383354254071,10.439692570717988,11909.650836492548,0.940337389295828,3.141996796143939,5.511377093381537,7.223061208380533,ZTF19aayijkh,2170159971315015010,Unknown,TDE
17666,7347.131433174175,10.865739127371894,11720.548298482696,0.9386973941662105,2.9805865567110583,5.1702504942202605,7.369367210349465,ZTF19aayijkh,2491145680015015004,Unknown,TDE
17667,7342.331932436945,10.859114471157984,11716.700940576113,0.9762382332176952,2.617924104230712,5.008933671710006,7.373456634491144,ZTF19aayijkh,2805310521315015004,Unknown,TDE
17668,7222.538542545187,11.504752566271856,11263.0287392382,1.1066988557017226,2.225500131260427,4.110913157480951,5.732713279264607,ZTF19aayijkh,2498110160015015002,Unknown,TDE
17669,7597.565013398992,12.897457885953555,10942.685488889583,1.1189010653156195,1.6537075486448956,3.3781544121219267,4.879557717093933,ZTF19aayijkh,2503148090015015001,Unknown,TDE
17671,6161.392147159465,10.368250797052143,10676.315371668974,1.0900252153430798,2.195480041975519,2.9375426739284465,4.179628173180895,ZTF19aayijkh,2472210610015015004,Unknown,TDE
18719,10384.1869857964,53.12006256532539,11484.90198667279,0.2491960546709632,1.727039347757472,2.3210826821306654,4.29933489772567,ZTF22aaaelic,1940336595515015011,QSO,TDE
18720,10469.74450099217,54.11264942883578,11471.746730426685,0.2666828896552314,1.5283301722908855,2.029209759449907,3.793527682655655,ZTF22aaaelic,1925293115515015005,QSO,TDE
18872,10391.757646893304,5.197500860996283,13795.802450699815,0.600637451024193,1.882654280385951,1.9493530690985847,1.7490479069748326,ZTF20acllvho,1411357232015015000,SN candidate,TDE
18900,22564.01350497701,9.452915022748988,12411.424088291946,0.5481438251346831,0.1882955810134192,2.076435408882957,3.357739428630502,ZTF21aciuvmg,1773190204815015002,SN candidate,TDE
19023,30894.244786486302,21.424673969204523,20487.941590138245,0.6020352464346095,2.253127518032237,4.196360344015376,2.288083684903992,ZTF18abnvxkw,2356305181515015012,Unknown,TDE
19214,38903.293479311775,4.620221789530725,11851.80521733662,1.1807743505288115,3.916619636898567,14.179557476600952,10.31642398344911,ZTF22aaigqsr,2813164165515015001,Unknown,TDE
19215,42154.03878714894,4.799735543857411,12275.87774345154,0.992314773873995,3.071004921269924,13.3327136122835,8.625501434678432,ZTF22aaigqsr,2807244685515015004,Unknown,TDE
19216,42302.4609707438,4.7848069256336805,12322.246741000456,1.1154093243401808,3.0829879044507584,12.42201424937304,8.142021857972152,ZTF22aaigqsr,2798174795515015008,Unknown,TDE
19217,49414.538182982025,5.192843830407541,12984.469534963542,0.9334096827706854,2.0818561454098283,9.894891611307424,5.657187160950923,ZTF22aaigqsr,2804151595515015006,Unknown,TDE
19218,51347.98593643432,4.910086331008373,13736.359366353778,0.7009843438993609,1.9249846602621687,9.744904536572628,5.074122419114555,ZTF22aaigqsr,2853114185515015006,Unknown,TDE
19219,54340.78311245812,5.005140094469549,14008.472686628253,0.7959445993455507,1.8188761522133807,8.978550001839022,4.160619415931427,ZTF22aaigqsr,2849155045515015001,Unknown,TDE
19220,63273.39781982304,4.572222984191154,16087.600494749226,0.4815415074445073,1.7739582214671603,8.389707142825456,2.985191958359535,ZTF22aaigqsr,2809265185515015001,Unknown,TDE
19221,93274.62876811968,5.232338790481508,17693.56393623394,0.3905115567642672,0.7675483807036703,4.7704223577239375,1.7040970060566405,ZTF22aaigqsr,2843110525515015002,Unknown,TDE
19222,27005.27447259786,3.514972052002878,11564.502670813825,0.2464438735914882,2.0311771172544866,2.625556585749911,1.5893716933687652,ZTF22aaigqsr,2822129875515015010,Unknown,TDE
19979,24075.434919876883,6.990684154429718,12004.08780521664,2.817064009282574,1.541197405924523,6.875363028500278,5.624864348721968,ZTF20acqoiyt,1445124165815015003,SN candidate,TDE
19980,23805.44904180983,6.705702730561165,12268.00487800356,3.1751911153186474,1.703237997029727,6.137412090001881,5.637988367492385,ZTF20acqoiyt,1435169545815015004,SN candidate,TDE
19981,16180.0603069892,4.628792022291901,11409.34254352507,2.783900340158844,2.959954089661546,4.354029225125703,5.754262602778976,ZTF20acqoiyt,1424197835815015220,SN candidate,TDE
19982,16582.05019693298,2.7046531066159782,13172.46395654725,1.444347657203301,4.790049584798385,4.417079769876508,4.6515626850870575,ZTF20acqoiyt,1416163775815015006,SN candidate,TDE
19983,13758.109497369209,2.3488723426238125,12091.214523116316,1.2616619245862597,4.860935183427279,4.791331394493091,4.7698450620348725,ZTF20acqoiyt,1451096525815015003,SN candidate,TDE
19984,15068.959389304053,2.192231937669739,13156.489904797976,1.1645744233990063,5.282835171981646,5.19538395406691,3.699932472810594,ZTF20acqoiyt,1433169895815015004,SN candidate,TDE
19985,12232.630322905174,1.968521065650277,11987.02897657345,0.2991623984958035,4.045336351963829,5.421862286162976,4.113216791570718,ZTF20acqoiyt,1424158055815015002,SN candidate,TDE
19986,14186.995298614593,1.8737993431523403,13687.196616652232,0.1240050971453652,4.3516745545657205,4.970123043692952,2.369254489569648,ZTF20acqoiyt,1428197235815015004,SN candidate,TDE
20278,5268.695531810175,9.350844662836334,8812.723718559982,0.2530418330681189,0.9661414137801329,2.060879073497825,2.326628252142487,ZTF24abalnuj,2779441142815015025,SN candidate,TDE
20760,58784.9711923607,19.263807950081198,15363.932804468135,0.4282214479626945,0.1376110441974233,1.9601935910621489,2.8409808280565683,ZTF23abiixsk,2478524654815015005,SN candidate,TDE
21001,8011.291935842681,15.746743177293476,12103.97035018741,0.2179395325992775,3.71728746613857,5.1884532486616965,4.1554085476752745,ZTF20aatqene,1263226854015015005,SN candidate,TDE
21286,12394.753355586605,55.22363859752672,14714.193279649786,0.4832884401144354,1.355148160702824,1.6539365881928174,2.163117755464401,ZTF19aakiygp,2735239071715015013,QSO,TDE
21428,5603.135522897052,6.422274911909855,11694.856330333056,0.2049648860989057,3.049500438705113,3.789944884397496,6.848822399759447,ZTF21abqhkjd,1692379355615015002,SN candidate,TDE
21429,5874.249843389828,6.787441958940226,11850.82099599265,0.2143029765145016,2.4168363096812944,3.340130297660219,5.304482614958733,ZTF21abqhkjd,1674467655615015001,SN candidate,TDE
21430,5869.138903850103,6.7843406185067545,11846.698024770269,0.2262021347301633,2.4097288032505757,3.0554534800186444,4.526235415151216,ZTF21abqhkjd,1674452071115015008,SN candidate,TDE
21431,5870.414125194614,6.773710471160971,11853.332003399111,0.2395040232307437,2.411892566364221,2.6647500845791585,4.2958868083976425,ZTF21abqhkjd,1709320421115015017,SN candidate,TDE
21432,5847.591557466984,6.717454838315779,11858.004736600618,0.2543325979460261,1.8538182262817036,2.554273431977504,4.245135884519431,ZTF21abqhkjd,1748389981115015012,SN candidate,TDE
21433,5932.070893517635,7.0649963164567895,11715.524614727705,0.2638334438725947,1.696900483252105,2.3172898235853623,3.940518703918814,ZTF21abqhkjd,1734263941115015016,SN candidate,TDE
21434,5967.310834540393,7.186269006943544,11672.264457448931,0.2819576068844575,1.6315098854185262,2.142838712307995,3.750052849995909,ZTF21abqhkjd,1707418251115015012,SN candidate,TDE
21435,5796.124770056527,6.91995284357429,11639.131802065616,0.2999709062401892,1.746750591450161,2.066314190477305,3.610537415147799,ZTF21abqhkjd,1707381355615015001,SN candidate,TDE
21436,5317.798861912865,6.354667646354209,11429.12136528136,0.3378989077389019,1.5772285090737022,1.6348376293601976,2.658699158464169,ZTF21abqhkjd,1674399761115015015,SN candidate,TDE
21437,5323.8696055767405,6.377759856885463,11426.759082309649,0.3716885260552155,1.5639249873395429,1.5053982629979423,2.2310944363669463,ZTF21abqhkjd,1692395391115015011,SN candidate,TDE
21546,25833.011814611276,6.006316234775764,11736.989517479557,0.3098964705157468,0.8178886994538948,2.5853543041861453,2.31197254483609,ZTF21aaafrnh,1470314221015015009,SN candidate,TDE
21551,4940.130932754845,3.494266457123728,8240.4948343787,0.3212395225923187,7.946023353359662,1.801324317929313,13.302212253913936,ZTF21abhrchb,1654332925315015024,SN candidate,TDE
21552,4936.546137436762,3.8586294569002577,8021.622071921731,0.2585097678440897,6.642111135801287,1.8000054308177291,14.327323780934922,ZTF21abhrchb,1676251355315015029,SN candidate,TDE
21553,5092.881693121629,4.249320426039621,8230.05716035257,0.2231526296004614,5.576043063894048,1.7343567356200968,10.874441521605778,ZTF21abhrchb,1650336365315015026,SN candidate,TDE
21554,5128.61572202823,4.327311751889052,8276.250526019949,0.2658807398963195,5.47680679535381,1.6478155076503764,8.693310854147368,ZTF21abhrchb,1631376225315015025,SN candidate,TDE
21971,5486.000069134664,5.099157916040248,11648.661513289437,0.296362191078035,4.365786176301436,3.442334121482462,4.5759826127273335,ZTF24aaxqcpy,2824231685715015012,SN candidate,TDE
21972,5528.5366364126585,5.134645868472322,11685.04929058634,0.3253919527178496,4.321306026827712,3.217023709707372,4.071803876975878,ZTF24aaxqcpy,2813188335715015007,SN candidate,TDE
21991,6842.514175521873,11.51925700384384,12033.62821606937,0.6701219356461113,5.456674472812266,2.2102251179820374,4.863722828746626,ZTF18abxrngw,2764474641215015019,Unknown,TDE
22487,9289.265180213486,16.405015477852,16560.9430989526,0.8614681295043022,5.817137499594458,1.7934855035513235,4.070031815520627,ZTF18aaiavwc,2364301135915015019,Seyfert_1,TDE
22488,10123.463933493353,14.382241571098348,17378.48959211276,0.7468854403662838,6.5782846091879055,2.0331359952159653,3.636003394683321,ZTF18aaiavwc,1614206355915015017,Seyfert_1,TDE
22489,10250.466704158842,14.173002044271437,17495.576398232697,0.7738896017061488,6.601789667236537,2.0448512881997005,3.5390481938889917,ZTF18aaiavwc,1612278935915015030,Seyfert_1,TDE
22490,10997.004038300169,13.167171921765554,18160.346632867957,0.7355544056194664,7.077507293843774,2.137883636424451,3.271396388227125,ZTF18aaiavwc,2615445695915015008,Seyfert_1,TDE
22491,10482.310896723257,13.000276604172084,17780.640043035994,0.7038298995279085,7.10643808349932,2.199604499669243,3.376916628558559,ZTF18aaiavwc,2654337885915015021,Seyfert_1,TDE
22492,10875.14631609084,12.536769422406364,18126.645642408526,0.7240721967440226,7.347220878527416,2.2127586161056443,3.183401050774346,ZTF18aaiavwc,2306329315915015020,Seyfert_1,TDE
22493,10168.84325736642,12.43718791503654,17592.94704026515,0.6667834545549327,7.351380100970041,2.2596797224625846,3.334563192354614,ZTF18aaiavwc,2306383565915015009,Seyfert_1,TDE
22494,10103.247484387466,11.385286473354132,17671.11107234278,0.688550387817198,7.156234550169674,2.169719394021203,2.2495466823741825,ZTF18aaiavwc,1977323475915015021,Seyfert_1,TDE
22696,13302.69646918564,5.364109786274442,14243.035837991778,1.1286102061089207,0.4091077572066224,1.972865445566234,1.8399121178904003,ZTF22abfvjxv,2099288765315015027,SN candidate,TDE
22965,7400.124138694832,5.616450883235327,11702.716889844069,0.6055379707478654,4.123661715554074,2.41860975487949,3.7661998781697137,ZTF20acwjnux,1497306485615015006,SN candidate,TDE
22966,7456.963176236075,5.779106427552488,11670.105252452086,0.720705729895948,3.659265314376334,2.224582233592581,3.72995988466447,ZTF20acwjnux,1497262105615015006,SN candidate,TDE
23035,11040.41096820062,23.644164098471997,13235.182892270966,2.7454051389944256,1.5227802843768805,2.9907477766695054,3.578151147353522,ZTF18aamrkcp,2301297393915015006,Seyfert_1,TDE
23036,11056.019815218317,26.051928521590572,12587.98278017037,2.999774531813713,1.1410449414184394,2.5790811010058494,3.3579686494074563,ZTF18aamrkcp,1540320333915015010,Seyfert_1,TDE
23037,12832.236425895448,26.33102062921304,13368.218296957455,3.3592317600981936,1.0293447420880733,2.611872137508297,2.530803349288252,ZTF18aamrkcp,1617186453915015014,Seyfert_1,TDE
23038,12613.531480821031,24.237511508722125,13933.63812564568,3.859307401963076,1.2317859395590331,2.6539828872708693,2.6119228666545378,ZTF18aamrkcp,1506400453915015005,Seyfert_1,TDE
23043,14020.871940693674,19.8786231827908,9464.257650059011,1.1044196148700929,1.0543708097175906,2.498108026140581,2.7523978239971125,ZTF19aaweqwa,2468168850915015004,Unknown,TDE
23162,7006.248973230809,10.0604222508549,10670.777421657172,0.3348990529914206,1.7920181841418352,2.299489444251253,3.859088358486146,ZTF23aaecexq,2332296956315015023,SN candidate,TDE
23163,7653.502850131723,11.096586365997966,10869.464396556534,0.3396044468609741,1.4860900224498723,1.962670519493153,2.744498181158356,ZTF23aaecexq,2299469306315015012,SN candidate,TDE
23164,7519.301150862223,10.710184268032496,10993.086436717207,0.4143500148569074,1.437481262647699,1.903774102119402,2.8665886631202966,ZTF23aaecexq,2339424006315015007,SN candidate,TDE
23361,8760.792439747123,6.617948644583659,11318.832311357384,0.3225699653926767,7.4483137076547905,5.20402495831086,10.319830404370547,ZTF20acnznms,1586215425815015014,Unknown,TDE
23362,8768.331669536225,6.620892393559419,11325.854510113428,0.3404836075000628,6.997722531690405,5.078319390906839,10.082644973477205,ZTF20acnznms,1461443105815015008,Unknown,TDE
23363,8836.875187828235,6.5325588257177065,11416.51466775734,0.3461126353366004,7.0858581228936615,5.016813906114482,9.751766319590304,ZTF20acnznms,1526360305815015017,Unknown,TDE
23364,8831.340233393339,6.529292095877646,11411.62427497666,0.3677211943692891,6.793745775890655,4.992305468715368,9.661969863299886,ZTF20acnznms,1594246375815015018,Unknown,TDE
23365,9018.815237503924,6.70561798155444,11523.053258273369,0.3711727402651841,6.599468622646008,4.836614415872639,8.877060419824149,ZTF20acnznms,1581234915815015014,Unknown,TDE
23366,9123.50609444393,6.53090834335945,11670.639267413182,0.3801705368364448,6.179656358322106,4.665327110629236,8.434155027908753,ZTF20acnznms,1541264175815015019,Unknown,TDE
23367,9424.881470271604,6.830924691859796,11832.23536483686,0.3759016768431606,5.888249525939686,4.414499558948244,7.563932413260132,ZTF20acnznms,1411518335815015016,Unknown,TDE
23368,10046.861553139925,5.7160766268144485,12695.74626100498,0.2564115212951395,6.754216974457692,3.938420896316343,6.02202961827807,ZTF20acnznms,1467446185815015007,Unknown,TDE
23369,10150.77487521754,5.841533178323278,12734.997306585532,0.2527661852287715,5.74473107518922,3.857335343317609,5.952224654162722,ZTF20acnznms,1416541575815015004,Unknown,TDE
23370,10287.788828550902,5.99966264764295,12786.029877763216,0.2543883843312084,5.574860061651392,3.728171819057535,5.85793882156826,ZTF20acnznms,1414540035815015014,Unknown,TDE
23371,10484.93857649637,5.759811580590048,13018.521551965514,0.2612149553797077,4.967071384225658,3.5819311674988223,5.4382424865126895,ZTF20acnznms,1444515485815015017,Unknown,TDE
23372,10661.709660633203,5.962113600846164,13072.81018789674,0.2819454890529571,3.9369332374540034,3.25469114123119,5.172179543092052,ZTF20acnznms,1551290625815015012,Unknown,TDE
23373,12160.898461768844,7.412417561215094,13502.689862782054,0.1897537750438811,2.75713206176018,2.282344206243132,3.779392201603956,ZTF20acnznms,1504365985815015034,Unknown,TDE
23374,12160.170029103694,7.387611295529993,13511.770280790191,0.2213634543264661,2.095381359403328,2.081995968363587,3.759473688067053,ZTF20acnznms,1471441795815015019,Unknown,TDE
23375,12220.172131118736,8.829609785937757,12794.823707720592,0.1803175794773317,1.5634165180338635,1.580782220394071,3.171410926041224,ZTF20acnznms,1522337555815015015,Unknown,TDE
23470,18379.71986035595,6.390133932232744,16004.62819259879,0.3967680794029615,4.47141800668349,9.289885057984124,4.471491275477236,ZTF23aapyidj,2427272413115015016,SN candidate,TDE
23471,18034.65366403528,6.513971466044997,15754.762005700855,0.3882889048064724,3.760516288606123,8.896671510714633,4.574635722188106,ZTF23aapyidj,2387335503115015022,SN candidate,TDE
23472,17507.130432617716,6.707237976999859,15362.435209569225,0.3647437734878392,3.3079998037834093,8.36447570211052,4.748833033356344,ZTF23aapyidj,2385377223115015013,SN candidate,TDE
23473,17629.982021932232,6.739790227360564,15393.351721319912,0.3906542774848708,2.9933244876173903,8.160301856743494,4.621576237008509,ZTF23aapyidj,2447304063115015015,SN candidate,TDE
23474,17440.106042529536,6.815793615298053,15236.963157824875,0.4159803209905259,2.933874678476472,7.698269629356605,4.612613825832461,ZTF23aapyidj,2369398573115015020,SN candidate,TDE
23475,16578.373367203672,6.60529140609899,15019.4984951421,0.4289606257805458,2.793905324279001,7.101006439120179,4.305279483325817,ZTF23aapyidj,2429381063115015014,SN candidate,TDE
23476,18604.35612471025,7.025580276789447,15546.10630528912,0.3461082653180752,1.9347318099551336,6.332461914483731,3.637560659367771,ZTF23aapyidj,2457185133115015005,SN candidate,TDE
23477,18391.98203443146,7.24369614861496,15209.956308001423,0.3594091577472749,1.803527454595779,5.769713087873329,3.75431760860451,ZTF23aapyidj,2371397383115015018,SN candidate,TDE
23478,18583.392944502302,7.035463019426807,15526.374205752209,0.3824039873908127,1.6421987095328894,5.4221962398091685,3.666517891951811,ZTF23aapyidj,2414337693115015017,SN candidate,TDE
23479,21313.75515641426,7.510492695923399,16012.7799126443,0.3741294327841702,1.3601519215478424,4.680465417547499,2.723932194615041,ZTF23aapyidj,2379442633115015011,SN candidate,TDE
23480,21030.682974917483,7.172884729938048,16348.670369858331,0.4295172732436987,1.1234996905378538,3.345484025904254,2.750698375926293,ZTF23aapyidj,2383398903115015010,SN candidate,TDE
23481,17760.756501291944,6.3289699159722,16077.085501500806,0.3572226902034449,1.3155395477765996,3.291263961850301,2.730133498618841,ZTF23aapyidj,2496128033115015009,SN candidate,TDE
23482,19233.88171026964,6.503767526433983,16452.069471954077,0.4361700414457854,1.190868250278318,2.9976226040565863,1.8952554766177825,ZTF23aapyidj,2402374823115015009,SN candidate,TDE
23603,11261.5075307468,16.971066418991814,15236.123059495258,0.5704950270439048,2.058131829673434,5.581879784812499,2.31400433148994,ZTF23abihmun,2571190914715015006,Seyfert_1,TDE
23604,10852.485537629513,16.790388760994208,15029.389127680224,0.6337291115109266,1.9907319933449024,5.455627641516854,2.2304005562373885,ZTF23abihmun,2488463534715015017,Seyfert_1,TDE
23605,12282.227033921448,17.259050852088468,15755.75760601625,0.679823191789585,1.7360573266580863,5.208778707899069,1.8893303183284624,ZTF23abihmun,2533194994715015008,Seyfert_1,TDE
24106,25757.597446504085,5.264941902419462,11004.655159527105,0.2529259785833282,0.4440924120511427,2.6808080838068835,1.8035203652413847,ZTF22abyknqs,2212391491615015000,Unknown,TDE
24240,14471.119224700047,5.255815313107203,11682.047988129989,0.505703237914937,2.690027410794995,1.952248878636032,3.19686141313264,ZTF21aahnkut,1499481874215015033,SN candidate,TDE
24706,3843.855674382664,16.321372578019364,8718.513771142188,0.5710202093885566,3.2329323898019324,2.824391518479032,8.58006870635297,ZTF21aabiipy,1499187404215015006,SN candidate,TDE
24707,5199.526851054964,26.92210220295316,8878.916633348812,0.383001547579498,1.2048702355565268,1.6829289614013976,2.100533583180788,ZTF21aabiipy,1470227984215015008,SN candidate,TDE
24791,19011.486234801767,18.757644424389603,11223.85400657224,0.4082177226987434,2.109097194412219,4.240851820791534,6.217432041456656,ZTF18aahvkqm,1092551220015015004,Seyfert_1,TDE
24792,19749.29074834315,18.17426388803009,11742.658683581174,0.3672238553784898,2.21343760832243,4.34918996301458,5.459031423311879,ZTF18aahvkqm,2370259740015015001,Seyfert_1,TDE
24793,19887.07188480464,18.20836782128584,11782.358941916247,0.4886810778862366,2.0437642363279327,4.276011547834826,4.46838896235257,ZTF18aahvkqm,1563269360015015001,Seyfert_1,TDE
24794,19317.734595063248,18.521961063942097,11384.32826583252,0.714072089230568,1.978020477345673,3.946124637047792,3.927470051862655,ZTF18aahvkqm,1208235240015015004,Seyfert_1,TDE
