d:snn_sn_vs_all,d:snn_snia_vs_nonia,candid,dec,fid,jd,magpsf,objectId,ra,sigmapsf
0.0,0.0,2491461580015010000,45.5922587,1,2460245.9615856,19.147087,ZTF18aahqkbt,123.8608728,0.13711812
0.0,0.0,2487451660015010000,45.5922163,1,2460241.9516667,18.99347,ZTF18aahqkbt,123.8608329,0.097327724
0.0,0.0,2484444910015010000,45.5921986,1,2460238.944919,19.103975,ZTF18aahqkbt,123.8608631,0.09989706
0.0,0.0,2484442083915010000,34.262079,1,2460238.9420833,20.010164,ZTF18aabtxvd,119.227249,0.17394984
0.0,0.0,2482411880015010000,45.5922115,1,2460236.9118866,19.166964,ZTF18aahqkbt,123.8608641,0.08776677000000001
0.0,0.0,2480474243915010001,34.2620879,1,2460234.9742477,19.90794,ZTF18aabtxvd,119.2272005,0.1275062
0.0,0.0,2480470930015010000,45.5922701,1,2460234.9709375,19.13496,ZTF18aahqkbt,123.8608676,0.09150372400000001
0.0,0.0,2478465380015010000,45.5921962,1,2460232.9653819,19.0977,ZTF18aahqkbt,123.8609258,0.08634474
0.0,0.0,2478463023915010000,34.2620769,1,2460232.9630208,20.077908,ZTF18aabtxvd,119.2273177,0.16849351
0.0,0.0,2470447960015010001,45.5922375,1,2460224.947963,19.202536,ZTF18aahqkbt,123.8609108,0.12604947
0.0,0.0,2459448283915010000,34.2620651,1,2460213.948287,19.845415,ZTF18aabtxvd,119.2272785,0.18822576
0.0,0.0,2459404000015010000,45.5922369,1,2460213.9040046,19.023489,ZTF18aahqkbt,123.8607587,0.16541614000000002
0.0,0.0,2439499981315010001,45.5921703,2,2460193.9999884,19.162437,ZTF18aahqkbt,123.8608861,0.19851902
0.0,0.0,2439488740015010000,45.5922093,1,2460193.98875,19.344976,ZTF18aahqkbt,123.860907,0.13538039
0.0,0.0,2311181950015010000,45.5921915,1,2460065.681956,19.032743,ZTF18aahqkbt,123.8609668,0.119692795
0.0,0.0,2305164690015010000,45.5922084,1,2460059.6646991,19.232594,ZTF18aahqkbt,123.8609621,0.123079084
0.0,0.0,2303197780015010000,45.5922044,1,2460057.6977894,19.22009,ZTF18aahqkbt,123.8609276,0.09324026
0.0,0.0,2303196853915010000,34.2621431,1,2460057.6968519,19.969536,ZTF18aabtxvd,119.227231,0.1782557
0.0,0.0,2303166330015010000,45.5922614,2,2460057.666331,19.802185,ZTF18aahqkbt,123.8608074,0.18797149
0.0,0.0,2301181650015010000,45.5922099,1,2460055.6816551,19.265284,ZTF18aahqkbt,123.8610144,0.089896075
0.0,0.0,2301180163915010000,34.2621581,1,2460055.680162,20.031961,ZTF18aabtxvd,119.2272491,0.20466547000000002
0.0,0.0,2297215780015010000,45.5922155,1,2460051.715787,19.17568,ZTF18aahqkbt,123.8609239,0.0645578
0.0,0.0,2297196333915010000,34.2621286,1,2460051.696331,20.073336,ZTF18aabtxvd,119.2272971,0.16969831
0.0,0.0,2295166123915010000,34.2621065,1,2460049.6661227,20.029678,ZTF18aabtxvd,119.2273579,0.20481059999999998
0.0,0.0,2295163760015010001,45.5922103,1,2460049.6637616,19.070454,ZTF18aahqkbt,123.8609644,0.07933248600000001
0.0,0.0,2291181620015010001,45.5922143,1,2460045.6816204,19.186026,ZTF18aahqkbt,123.8609193,0.082236715
0.0,0.0,2291178733915010000,34.2621295,1,2460045.6787384,20.217491,ZTF18aabtxvd,119.227242,0.20188858
0.0,0.0,2289310710015010000,45.5921319,1,2460043.8107176,19.013315,ZTF18aahqkbt,123.8609087,0.16871457
0.0,0.0,2282309440015010000,45.5922167,1,2460036.8094444,19.16093,ZTF18aahqkbt,123.8609542,0.15645863000000002
0.0,0.0,2277199810015010000,45.5922268,1,2460031.6998148,19.115114,ZTF18aahqkbt,123.8609338,0.10654766
0.0,0.0,2277182823915010000,34.2621032,1,2460031.6828241,19.86731,ZTF18aabtxvd,119.2271937,0.19609395000000002
0.0,0.0,2277161650015010000,45.5921963,2,2460031.6616551,19.652655,ZTF18aahqkbt,123.8608281,0.1254807
0.0,0.0,2267201750015010001,45.5921936,1,2460021.7017593,18.979616,ZTF18aahqkbt,123.8609844,0.10896942
0.0,0.0,2267198423915010000,34.2619969,1,2460021.6984259,19.971254,ZTF18aabtxvd,119.2272814,0.17251368
0.0,0.0,2263199020015010000,45.5921965,1,2460017.6990278,19.072294,ZTF18aahqkbt,123.8609614,0.07531436500000001
0.0,0.0,2240362100015010000,45.5922219,1,2459994.8621065,19.336716,ZTF18aahqkbt,123.860996,0.14180152000000001
0.0,0.0,2238256890015010000,45.59219,1,2459992.7568981,19.185118,ZTF18aahqkbt,123.861053,0.14298688
0.0,0.0,2238228701315010001,45.5921795,2,2459992.7287037,19.031534,ZTF18aahqkbt,123.8610486,0.14206718000000002
0.0,0.0,2231227340015010000,45.5921963,2,2459985.7273495,19.666399,ZTF18aahqkbt,123.8608835,0.20010261000000001
0.0,0.0,2229115480015010000,45.5922127,1,2459983.6154861,19.088331,ZTF18aahqkbt,123.8609089,0.10351826
0.0,0.0,2217364910015010001,45.592174,1,2459971.864919,19.164652,ZTF18aahqkbt,123.8609175,0.08209274
0.0,0.0,2215320351315010001,45.5922304,2,2459969.8203588,19.320667,ZTF18aahqkbt,123.8610147,0.18541555
0.0,0.0,2215280480015010001,45.5921685,1,2459969.7804861,19.131824,ZTF18aahqkbt,123.8609958,0.09572816
0.0,0.0,2213348050015010001,45.5921783,1,2459967.8480556,18.94994,ZTF18aahqkbt,123.8609185,0.09877676
0.0,0.0,2197380410015010000,45.5922697,1,2459951.8804167,19.009142,ZTF18aahqkbt,123.8609144,0.17265321
0.0,0.0,2183373693915010000,34.2621605,1,2459937.8736921,19.947513999999998,ZTF18aabtxvd,119.227316,0.20400487
0.0,0.0,2183341450015010000,45.5920977,2,2459937.8414583,19.435835,ZTF18aahqkbt,123.8608824,0.11851006
0.0,0.0,2183321250015010001,45.592158,1,2459937.82125,19.02125,ZTF18aahqkbt,123.8609956,0.09387506500000001
0.0,0.0,2181337500515010009,1.6927848,1,2459935.8375,16.462898,ZTF18acpdvos,151.7119917,0.037985608000000004
0.0,0.0,2181330060015010009,45.5922302,1,2459935.8300694,19.12434,ZTF18aahqkbt,123.8609489,0.09460697
0.0,0.0,2181317513915010001,34.2620692,1,2459935.8175116,19.978031,ZTF18aabtxvd,119.2272873,0.18649858
0.0,0.0,2176370560015010000,45.5921778,1,2459930.8705671,19.15225,ZTF18aahqkbt,123.8609045,0.104054146
0.0,0.0,2176328623915010001,34.2620629,1,2459930.8286227,20.057543,ZTF18aabtxvd,119.2272407,0.20122093
0.0,0.0,2169411770015010000,45.5922288,1,2459923.9117708,18.98412,ZTF18aahqkbt,123.8609031,0.12179364000000001
0.0,0.0,2152424140515010016,1.6927816999999998,1,2459906.9241435,16.475723,ZTF18acpdvos,151.7119904,0.027268313000000002
0.0,0.0,2149373763915010000,34.2621126,1,2459903.8737616,20.06207,ZTF18aabtxvd,119.2273151,0.18369152
0.0,0.0,2149372340015010003,45.5922111,1,2459903.8723495,19.07146,ZTF18aahqkbt,123.8608395,0.077568576
0.0,0.0,2147384880015010015,45.5922254,1,2459901.8848843,18.84719,ZTF18aahqkbt,123.8609857,0.11909238
0.0,0.0,2143467590015010002,45.5922819,1,2459897.9675926,19.101849,ZTF18aahqkbt,123.8608916,0.14831188
0.0,0.0,2141368440015010000,45.5922296,1,2459895.8684491,19.212807,ZTF18aahqkbt,123.8609176,0.13412246
0.0,0.0,2135492740015010000,45.5922109,1,2459889.9927431,19.109716,ZTF18aahqkbt,123.8609089,0.105799265
0.0,0.0,2134458250515010003,1.6927872,1,2459888.9582523,16.476114,ZTF18acpdvos,151.7119968,0.042670615
0.0,0.0,2128515540015010003,45.5921912,1,2459883.015544,19.166399,ZTF18aahqkbt,123.860928,0.14784177
0.0,0.0,2127463480515010009,1.6927773,1,2459881.9634838,16.4643,ZTF18acpdvos,151.7119999,0.03134494
0.0,0.0,2125464460515010021,1.6927926,1,2459879.9644676,16.478992,ZTF18acpdvos,151.7119805,0.034767926000000005
0.0,0.0,2124448310015010001,45.5922049,1,2459878.9483102,19.197962,ZTF18aahqkbt,123.8608671,0.09294182000000001
0.0,0.0,2120490410015010001,45.5921666,2,2459874.9904167,19.661108,ZTF18aahqkbt,123.8608821,0.13328442000000001
0.0,0.0,2120445050015010001,45.5921937,1,2459874.9450579,19.127853,ZTF18aahqkbt,123.8608834,0.06995028
0.0,0.0,2120444083915010001,34.262096,1,2459874.9440856,19.896488,ZTF18aabtxvd,119.2272849,0.15816349
0.0,0.0,2118469250015010000,45.5921812,1,2459872.9692593,19.11412,ZTF18aahqkbt,123.8609002,0.08773526
0.0,0.0,2117495313915010000,34.2621589,1,2459871.9953125,19.80114,ZTF18aabtxvd,119.2272015,0.21052985
0.0,0.0,2108430370015010000,45.5922032,1,2459862.9303704,19.149614,ZTF18aahqkbt,123.8609804,0.15943469999999998
0.0,0.0,2106488200015010000,45.5921837,1,2459860.988206,19.102571,ZTF18aahqkbt,123.8609156,0.12380459
0.0,0.0,2104505551315010000,45.5922422,2,2459859.0055556,18.778961,ZTF18aahqkbt,123.8609847,0.11325046400000001
0.0,0.0,2104477690015010000,45.5922176,1,2459858.9776968,19.242296,ZTF18aahqkbt,123.8609161,0.08033147
0.0,0.0,2104467683915010000,34.2621696,1,2459858.9676852,19.894236,ZTF18aabtxvd,119.2272456,0.13868758
0.0,0.0,2102445233915010000,34.2620775,1,2459856.9452315,19.960247,ZTF18aabtxvd,119.2272461,0.19685383
0.0,0.0,2092493703915010000,34.2622148,1,2459846.9937037,20.013132,ZTF18aabtxvd,119.2271519,0.17379944
0.0,0.0,2092493210015010000,45.5921935,1,2459846.9932176,19.03384,ZTF18aahqkbt,123.8609473,0.09189021600000001
0.0,0.0,2071500821315010000,45.5922297,2,2459826.0008218,18.87485,ZTF18aahqkbt,123.8608634,0.12433801
0.0,0.0,2065498090015010000,45.592235,2,2459819.9980903,19.659374,ZTF18aahqkbt,123.8609285,0.21249579000000002
0.0,0.0,2056288900815015018,85.0088326,2,2459810.7889005,19.337101,ZTF20abfcszi,7.8062017,0.18330094
0.0,0.0,1961237310515010007,1.6927869,1,2459715.7373148,16.460693,ZTF18acpdvos,151.7119906,0.030953135000000003
0.0,0.0,1948175301315010000,45.5922582,2,2459702.6753009,18.876453,ZTF18aahqkbt,123.861109,0.14203113
0.0,0.0,1946197820015010000,45.5922258,1,2459700.6978241,19.183414,ZTF18aahqkbt,123.8609463,0.09558377
0.0,0.0,1943200903915010000,34.2621301,1,2459697.7009028,19.78988,ZTF18aabtxvd,119.227281,0.16101727
0.0,0.0,1942176920015010000,45.5922168,1,2459696.6769213,19.122408,ZTF18aahqkbt,123.8609637,0.08255464600000001
0.0,0.0,1941270750515010007,1.6927973,1,2459695.7707523,16.538065,ZTF18acpdvos,151.7119843,0.08082343
0.0,0.0,1940265060015010000,45.5922065,1,2459694.7650694,19.110733,ZTF18aahqkbt,123.8609615,0.118930794
0.0,0.0,1936262410015010000,45.5921964,1,2459690.762419,19.071192,ZTF18aahqkbt,123.8609731,0.102991596
0.0,0.0,1934183260015010000,45.5922114,1,2459688.6832639,19.171345,ZTF18aahqkbt,123.8609925,0.0932509
0.0,0.0,1929283190015010000,45.5922484,1,2459683.7831944,19.080524,ZTF18aahqkbt,123.8610849,0.15586752
0.0,0.0,1929166671315010001,45.5922126,2,2459683.6666782,18.614548,ZTF18aahqkbt,123.8611715,0.15502883
0.0,0.0,1924218831315010000,45.5922258,2,2459678.718831,19.176773,ZTF18aahqkbt,123.8609923,0.21053621
0.0,0.0,1924181920015010000,45.592194,1,2459678.6819213,19.051516,ZTF18aahqkbt,123.8609293,0.10002951
0.0,0.0,1922196700015010000,45.5922273,1,2459676.6967014,19.235634,ZTF18aahqkbt,123.8610236,0.10090391
0.0,0.0,1922195713915010000,34.2621039,1,2459676.6957176,20.05536,ZTF18aabtxvd,119.2272316,0.20521662000000002
0.0,0.0,1922174251315010001,45.5922001,2,2459676.6742593,18.799366,ZTF18aahqkbt,123.8611435,0.14796239
0.0,0.0,1920361040515010008,1.6927917,1,2459674.8610417,16.465403,ZTF18acpdvos,151.71199,0.034076504
0.0,0.0,1920178573915010000,34.2621333,1,2459674.6785764,19.891045,ZTF18aabtxvd,119.2272539,0.13800831
0.0,0.0,1920176640015010000,45.5922152,1,2459674.6766435,19.36252,ZTF18aahqkbt,123.8609862,0.07910184
0.0,0.0,1918156383915010000,34.2620958,1,2459672.6563889,19.972893,ZTF18aabtxvd,119.2272575,0.15148534
0.0,0.0,1917283630015010000,45.5922643,1,2459671.7836343,19.364557,ZTF18aahqkbt,123.8609503,0.11077459
0.0,0.0,1886195250015010001,45.5922381,1,2459640.6952546,19.206303,ZTF18aahqkbt,123.8609068,0.07394397
0.0,0.0,1886193173915010000,34.2620973,1,2459640.6931713,19.981974,ZTF18aabtxvd,119.2273559,0.16911116
0.0,0.0,1884343550015010000,45.5921802,1,2459638.8435532,19.132294,ZTF18aahqkbt,123.8608602,0.14098899
0.0,0.0,1882221600015010000,45.5922355,1,2459636.7216088,19.11588,ZTF18aahqkbt,123.8609108,0.072271705
0.0,0.0,1882191573915010000,34.2621021,1,2459636.6915741,20.018856,ZTF18aabtxvd,119.2272828,0.15765
0.0,0.0,1875389830015010000,45.592279,1,2459629.889838,19.048943,ZTF18aahqkbt,123.8609307,0.14922993
0.0,0.0,1870266210015010000,45.5922368,1,2459624.7662153,18.939125,ZTF18aahqkbt,123.86095159999999,0.17419577
0.0,0.0,1868264560015010001,45.59223,1,2459622.7645602,19.192963,ZTF18aahqkbt,123.8609034,0.16710544
0.0,0.0,1796457150515010024,1.6927865,1,2459550.9571528,16.486984,ZTF18acpdvos,151.7119943,0.032527799999999996
0.0,0.0,1796302400015010001,45.5922393,1,2459550.8024074,19.220396,ZTF18aahqkbt,123.8608754,0.07220156
0.0,0.0,1782434060015010000,45.5922619,1,2459536.9340625,19.114265,ZTF18aahqkbt,123.8608251,0.15399121
0.0,0.0,1777430820015010000,45.5921866,2,2459531.9308218,19.898977,ZTF18aahqkbt,123.8607764,0.18600355000000002
0.0,0.0,1777392650015010000,45.592204100000004,1,2459531.8926505,19.180836,ZTF18aahqkbt,123.8609517,0.08821159
0.0,0.0,1777381093915010000,34.2621655,1,2459531.8810995,20.062525,ZTF18aabtxvd,119.2272612,0.18092918
0.0,0.0,1776497690515010019,1.6927846999999998,1,2459530.9976968,16.468529,ZTF18acpdvos,151.7119755,0.034818485
0.0,0.0,1775391053915010000,34.2621791,1,2459529.8910532,20.026821,ZTF18aabtxvd,119.2271588,0.1612248
0.0,0.0,1775390110015010002,45.5921957,1,2459529.8901157,19.091818,ZTF18aahqkbt,123.8609318,0.10148064
0.0,0.0,1775364140015010000,45.5921295,2,2459529.8641435,19.892597,ZTF18aahqkbt,123.8607583,0.2014524
0.0,0.0,1772453240015010000,45.5922073,1,2459526.9532407,19.120659,ZTF18aahqkbt,123.8609355,0.06759071
0.0,0.0,1772449933915010000,34.2621005,1,2459526.9499306,19.898394,ZTF18aabtxvd,119.2272845,0.16540481
0.0,0.0,1771482970515010020,1.6927862,1,2459525.9829745,16.50763,ZTF18acpdvos,151.7119993,0.030450195000000003
0.0,0.0,1770519393915010000,34.2620954,1,2459525.0193981,19.996723,ZTF18aabtxvd,119.2272665,0.123735115
0.0,0.0,1770347600015010000,45.5922059,1,2459524.8476042,19.19201,ZTF18aahqkbt,123.860889,0.09031232
0.0,0.0,1768455503915010000,34.2621044,1,2459522.9555093,19.948746,ZTF18aabtxvd,119.2272932,0.17732409999999998
0.0,0.0,1768370450015010000,45.5922035,1,2459522.8704514,19.221073,ZTF18aahqkbt,123.8609838,0.10087842500000001
0.0,0.0,1764361403915010000,34.2621214,1,2459518.8614005,20.050907,ZTF18aabtxvd,119.2272905,0.14081182
0.0,0.0,1764346950015010000,45.5922336,1,2459518.846956,19.175175,ZTF18aahqkbt,123.8608618,0.09928203000000001
0.0,0.0,1755514670515010005,1.6927894,1,2459510.0146759,16.478968,ZTF18acpdvos,151.711991,0.034681816000000004
0.0,0.0,1755426510015010000,45.5921938,1,2459509.9265162,19.126415,ZTF18aahqkbt,123.8609267,0.16629549999999998
0.0,0.0,1749476460015010000,45.592182,1,2459503.9764699,19.046799,ZTF18aahqkbt,123.8608537,0.09665277
0.0,0.0,1749468193915010000,34.2621456,1,2459503.9681944,20.086336,ZTF18aabtxvd,119.2272659,0.17146161000000001
0.0,0.0,1746475993915010000,34.2621029,1,2459500.9759954,19.887655,ZTF18aabtxvd,119.2273092,0.16952209000000001
0.0,0.0,1746447240015010000,45.5922048,1,2459500.9472454,19.173147,ZTF18aahqkbt,123.8608425,0.14318739
0.0,0.0,1742387310015010000,45.5922165,1,2459496.8873148,19.212753,ZTF18aahqkbt,123.8609591,0.120602235
0.0,0.0,1735495230015010000,45.5922374,1,2459489.9952315,19.217522,ZTF18aahqkbt,123.860876,0.1174359
0.0,0.0,1733492960015010000,45.5922106,2,2459487.992963,19.47652,ZTF18aahqkbt,123.8608551,0.18355711
0.0,0.0,1720452410015010000,45.5921716,1,2459474.952419,19.192959,ZTF18aahqkbt,123.860861,0.10903448
0.0,0.0,1720451483915010000,34.2621537,1,2459474.9514815,20.027212,ZTF18aabtxvd,119.2272346,0.19378985
0.0,0.0,1718454290015010000,45.5921443,1,2459472.954294,18.67858,ZTF18aahqkbt,123.8609588,0.10914498
0.0,0.0,1709297730815015004,85.0087857,2,2459463.7977315,19.950455,ZTF20abfcszi,7.8050591,0.11967755000000001
0.0,0.0,1681258590815015002,85.0088198,2,2459435.7585995,20.303152,ZTF20abfcszi,7.8067079,0.18733062
0.0,0.0,1622361940115015035,30.692164,1,2459376.8619444,20.347538,ZTF18acaqdaa,262.0164129,0.20823291
0.0,0.0,1616391230115015027,30.6920928,1,2459370.8912384,20.624462,ZTF18acaqdaa,262.016359,0.19645754
0.0,0.0,1615214994415015007,27.440608,1,2459369.715,20.284573,ZTF20abnorit,171.3583879,0.1933712
0.0,0.0,1611194694415015008,27.4405669,1,2459365.6946991,20.269466,ZTF20abnorit,171.3583959,0.19892454
0.0,0.0,1607242330515010004,1.6927911,1,2459361.742338,16.473036,ZTF18acpdvos,151.7119819,0.035880137
0.0,0.0,1594245904415015010,27.440645,1,2459348.7459028,20.177862,ZTF20abnorit,171.3584522,0.15957591000000002
0.0,0.0,1594214020515010018,1.6927906,1,2459348.7140278,16.477158,ZTF18acpdvos,151.7119915,0.029674511
0.0,0.0,1592291564415015004,27.440637,2,2459346.7915625,20.304777,ZTF20abnorit,171.3584986,0.20375924
0.0,0.0,1590289404415015008,27.4406066,1,2459344.7894097,20.14891,ZTF20abnorit,171.3584658,0.16623469
0.0,0.0,1590223684415015015,27.4406939,2,2459344.7236806,20.571129,ZTF20abnorit,171.3584914,0.17690194
0.0,0.0,1590173990515010015,1.6927898,1,2459344.6739931,16.478882,ZTF18acpdvos,151.711987,0.032706346000000004
0.0,0.0,1589394450115015124,30.6920647,1,2459343.894456,20.818512,ZTF18acaqdaa,262.0163237,0.20330706
0.0,0.0,1588257464415015008,27.440607,2,2459342.7574653,20.33262,ZTF20abnorit,171.3585126,0.1638464
0.0,0.0,1588236924415015010,27.4405985,1,2459342.7369213,20.149624,ZTF20abnorit,171.3583948,0.19762015
0.0,0.0,1588227770515010023,1.6927857,1,2459342.7277778,16.46212,ZTF18acpdvos,151.7119909,0.029636104000000003
0.0,0.0,1586214954415015005,27.4406683,1,2459340.7149537,20.144028,ZTF20abnorit,171.3584158,0.20647906
0.0,0.0,1586188330515010018,1.6927932,1,2459340.6883333,16.47296,ZTF18acpdvos,151.7119937,0.033340003
0.0,0.0,1584299054415015013,27.440603,1,2459338.7990509,20.354872,ZTF20abnorit,171.358434,0.17894815
0.0,0.0,1584239034415015013,27.44061,2,2459338.7390394,20.332607,ZTF20abnorit,171.3585108,0.15636665
0.0,0.0,1584178430015010000,45.5922127,1,2459338.6784375,19.018183,ZTF18aahqkbt,123.8609536,0.08401648
0.0,0.0,1584170960515010014,1.6927905,1,2459338.6709606,16.49778,ZTF18acpdvos,151.7119918,0.027414994
0.0,0.0,1582218093915010000,34.2620617,1,2459336.7180903,20.006516,ZTF18aabtxvd,119.2272404,0.19730422
0.0,0.0,1581255774415015008,27.4405821,1,2459335.7557755,20.17268,ZTF20abnorit,171.3584013,0.17846403
0.0,0.0,1581221300015010000,45.5921621,1,2459335.7213079,19.093315,ZTF18aahqkbt,123.8610125,0.121945284
0.0,0.0,1581213790515010010,1.6927953,1,2459335.7137963,16.468561,ZTF18acpdvos,151.7119887,0.032617245
0.0,0.0,1575180990015010000,45.5922805,1,2459329.6809954,19.18622,ZTF18aahqkbt,123.8609013,0.17836863
0.0,0.0,1571206820015010000,45.5922087,1,2459325.7068287,19.022825,ZTF18aahqkbt,123.8609448,0.11501707
0.0,0.0,1567289434415015013,27.440597,2,2459321.7894329,20.231241,ZTF20abnorit,171.3584445,0.1961523
0.0,0.0,1567255254415015021,27.4406644,1,2459321.7552546,20.01863,ZTF20abnorit,171.3584447,0.1592806
0.0,0.0,1565246400015010001,45.5921875,1,2459319.7464005,19.1193,ZTF18aahqkbt,123.8609533,0.077982955
0.0,0.0,1563195944415015017,27.4405996,2,2459317.6959491,20.234898,ZTF20abnorit,171.3585021,0.13584459000000002
0.0,0.0,1563185633915010000,34.2621025,1,2459317.6856366,19.97625,ZTF18aabtxvd,119.2272998,0.17752431
0.0,0.0,1563175944415015015,27.4406552,1,2459317.6759491,19.981031,ZTF20abnorit,171.3584393,0.1131938
0.0,0.0,1563172540515010026,1.6927941999999998,1,2459317.6725463,16.48627,ZTF18acpdvos,151.7119905,0.031637117
0.0,0.0,1562221490015010000,45.5921883,1,2459316.7214931,19.160498,ZTF18aahqkbt,123.8609141,0.07465295
0.0,0.0,1561228324415015016,27.4406665,1,2459315.7283218,19.90152,ZTF20abnorit,171.3584408,0.12073556
0.0,0.0,1561206523915010000,34.262146,1,2459315.7065278,19.959265,ZTF18aabtxvd,119.2272529,0.1783025
0.0,0.0,1561193270515010012,1.6927887,1,2459315.6932755,16.497173,ZTF18acpdvos,151.711992,0.032666225
0.0,0.0,1560219870015010000,45.5922381,1,2459314.7198727,19.174175,ZTF18aahqkbt,123.8609152,0.08415395
0.0,0.0,1559248874415015013,27.4406305,1,2459313.7488773,19.853085,ZTF20abnorit,171.3584794,0.13176173
0.0,0.0,1558261050015010001,45.5921913,2,2459312.7610532,20.065544,ZTF18aahqkbt,123.8609232,0.18088995
0.0,0.0,1558204820015010001,45.5921971,1,2459312.7048264,19.08138,ZTF18aahqkbt,123.8609681,0.07857326
0.0,0.0,1555254224415015025,27.4406151,2,2459309.7542245,20.25431,ZTF20abnorit,171.3584629,0.17502798
0.0,0.0,1555194654415015010,27.4406331,1,2459309.6946528,19.819155,ZTF20abnorit,171.358463,0.10850307000000001
0.0,0.0,1555170500515010010,1.6927936,1,2459309.6705093,16.487886,ZTF18acpdvos,151.7119897,0.037469920000000004
0.0,0.0,1554238170015010000,45.5922063,1,2459308.7381713,19.234932,ZTF18aahqkbt,123.8609637,0.0837835
0.0,0.0,1553309284415015015,27.440639,1,2459307.8092824,19.773363,ZTF20abnorit,171.3584512,0.14303425
0.0,0.0,1553245434415015012,27.4406027,2,2459307.7454398,20.017706,ZTF20abnorit,171.3584741,0.16025569
0.0,0.0,1553156040515010017,1.6927908999999999,1,2459307.6560417,16.486197,ZTF18acpdvos,151.7119941,0.042270955000000006
0.0,0.0,1552286700015010000,45.5922064,1,2459306.7867014,19.180979,ZTF18aahqkbt,123.8609771,0.09379563
0.0,0.0,1551292020515010007,1.6927897,1,2459305.7920255,16.476210000000002,ZTF18acpdvos,151.7119918,0.0281286
0.0,0.0,1550235904415015005,27.4404433,1,2459304.7359028,19.755875,ZTF20abnorit,171.3585294,0.1750907
0.0,0.0,1550204270015010000,45.5922399,1,2459304.7042708,19.079765,ZTF18aahqkbt,123.86088290000001,0.13840562
0.0,0.0,1550163540015010000,45.5922291,2,2459304.6635417,19.477535,ZTF18aahqkbt,123.8607244,0.11654626
0.0,0.0,1542285240015010000,45.5922656,1,2459296.7852431,19.076674,ZTF18aahqkbt,123.8610676,0.15863506
0.0,0.0,1540164270015010000,45.5922244,1,2459294.6642708,19.136656,ZTF18aahqkbt,123.8609444,0.11784834400000001
0.0,0.0,1539297174415015015,27.440642,1,2459293.7971759,19.539322,ZTF20abnorit,171.3584408,0.10849552600000001
0.0,0.0,1539236774415015006,27.4406099,2,2459293.7367708,20.070618,ZTF20abnorit,171.3584282,0.14823854
0.0,0.0,1539154613915010000,34.2621231,1,2459293.6546181,20.27024,ZTF18aabtxvd,119.2272776,0.18918158000000002
0.0,0.0,1538181460015010005,45.5922338,1,2459292.6814699,19.166082,ZTF18aahqkbt,123.8609269,0.114673
0.0,0.0,1537337074415015008,27.4406259,2,2459291.8370718,19.886066,ZTF20abnorit,171.358438,0.13463609
0.0,0.0,1537286784415015021,27.4406305,1,2459291.7867824,19.638878,ZTF20abnorit,171.3584545,0.12856479
0.0,0.0,1536220970015010001,45.5922208,1,2459290.7209722,19.127161,ZTF18aahqkbt,123.8609112,0.0873072
0.0,0.0,1527291114415015021,27.4406543,2,2459281.7911111,19.957207,ZTF20abnorit,171.3584544,0.11872066
0.0,0.0,1526213020015010001,45.5922051,1,2459280.7130208,19.17446,ZTF18aahqkbt,123.8609183,0.07749157400000001
0.0,0.0,1524425564415015008,27.4405887,2,2459278.9255671,19.630056,ZTF20abnorit,171.3584766,0.12999073
0.0,0.0,1522215320015010000,45.5922251,1,2459276.7153241,19.207876,ZTF18aahqkbt,123.860948,0.07260236
0.0,0.0,1521309090515010009,1.6927959000000001,1,2459275.8090972,16.469236,ZTF18acpdvos,151.7119751,0.029778179000000002
0.0,0.0,1521223434415015007,27.4406872,1,2459275.7234375,19.64229,ZTF20abnorit,171.358555,0.20016474
0.0,0.0,1521167143915010000,34.2621835,1,2459275.6671412,20.066072,ZTF18aabtxvd,119.2272265,0.17245005
0.0,0.0,1520162850015010000,45.5922787,1,2459274.6628588,19.206266,ZTF18aahqkbt,123.8608779,0.17707297
0.0,0.0,1519377370515010017,1.6927747,1,2459273.8773727,16.496874,ZTF18acpdvos,151.711999,0.043047417000000004
0.0,0.0,1518180430015010004,45.5921662,1,2459272.6804398,19.129953,ZTF18aahqkbt,123.8609697,0.18155213
0.0,0.0,1516254050515010003,1.6927746,1,2459270.7540509,16.498938,ZTF18acpdvos,151.7120023,0.033010934
0.0,0.0,1514489884415015011,27.440598,1,2459268.9898843,19.526594,ZTF20abnorit,171.3584576,0.10615411
0.0,0.0,1514350164415015011,27.4406092,2,2459268.850162,19.679907,ZTF20abnorit,171.3584651,0.1492498
0.0,0.0,1514226010515010005,1.6927818000000001,1,2459268.7260185,16.486176,ZTF18acpdvos,151.7119919,0.030393258000000003
0.0,0.0,1512278690515010017,1.6927707,1,2459266.7786921,16.454979,ZTF18acpdvos,151.7119963,0.030974982
0.0,0.0,1512154890015010000,45.5922097,1,2459266.6548958,19.10355,ZTF18aahqkbt,123.8608418,0.14313541
0.0,0.0,1506193943915010000,34.2621472,1,2459260.6939468,20.151218,ZTF18aabtxvd,119.2272744,0.2111509
0.0,0.0,1504371150515010010,1.6927873999999998,1,2459258.8711574,16.467464,ZTF18acpdvos,151.7119919,0.038141385
0.0,0.0,1503138690815015003,85.0088154,2,2459257.6386921,19.875849,ZTF20abfcszi,7.8046416,0.1981102
0.0,0.0,1502492304415015005,27.4406203,1,2459256.9923032,19.473736,ZTF20abnorit,171.3584429,0.09427182
0.0,0.0,1502398154415015012,27.440604,2,2459256.8981597,19.802044,ZTF20abnorit,171.3584726,0.10753054000000001
0.0,0.0,1502297283915010000,34.2621216,1,2459256.7972801,19.894482,ZTF18aabtxvd,119.2273,0.1395325
0.0,0.0,1502138144115015004,85.0087995,1,2459256.6381481,20.248808,ZTF20abfcszi,7.8068059,0.19031966
0.0,0.0,1500443774415015026,27.4406553,1,2459254.9437731,19.647612,ZTF20abnorit,171.3583949,0.19630371
0.0,0.0,1500399754415015011,27.440593,2,2459254.8997569,20.04573,ZTF20abnorit,171.3584793,0.13088131
0.0,0.0,1500226523915010000,34.2621186,1,2459254.7265278,20.060972,ZTF18aabtxvd,119.2272941,0.12288125
0.0,0.0,1500212404115015006,85.0088342,1,2459254.7124074,20.018093,ZTF20abfcszi,7.8054699,0.17414029
0.0,0.0,1499237580015010000,45.5921953,1,2459253.737581,19.134695,ZTF18aahqkbt,123.8608907,0.08602013
0.0,0.0,1499155390815015006,85.0088407,2,2459253.6553935,19.688457,ZTF20abfcszi,7.8062463,0.1839171
0.0,0.0,1498491934415015018,27.4406227,1,2459252.9919329,19.520224,ZTF20abnorit,171.3584457,0.09341413
0.0,0.0,1498320244415015008,27.440617,2,2459252.8202431,19.676205,ZTF20abnorit,171.3584864,0.11713869
0.0,0.0,1498250033915010000,34.2621089,1,2459252.7500347,19.92806,ZTF18aabtxvd,119.227302,0.14487339999999999
0.0,0.0,1498188624115015003,85.0088567,2,2459252.6886227,19.927511,ZTF20abfcszi,7.8056640999999996,0.15825042
0.0,0.0,1497264450015010002,45.5922217,1,2459251.764456,19.177275,ZTF18aahqkbt,123.8609283,0.07765677600000001
0.0,0.0,1497217680015010000,45.5922112,2,2459251.7176852,19.64929,ZTF18aahqkbt,123.8608285,0.11657573
0.0,0.0,1497197980815015005,85.0088815,2,2459251.6979861,19.602804,ZTF20abfcszi,7.8048692,0.12560757
0.0,0.0,1497154320815015005,85.0088329,1,2459251.6543287,20.191044,ZTF20abfcszi,7.8053156999999995,0.20643464
0.0,0.0,1496379244415015011,27.440592,2,2459250.8792477,19.770414,ZTF20abnorit,171.3584125,0.13437733
0.0,0.0,1496368134415015013,27.4405209,1,2459250.8681366,19.568666,ZTF20abnorit,171.358402,0.107176356
0.0,0.0,1494463714415015008,27.4406271,1,2459248.9637153,19.413738,ZTF20abnorit,171.3584199,0.11460986000000001
0.0,0.0,1494420944415015011,27.4405853,2,2459248.9209491,19.844534,ZTF20abnorit,171.3584297,0.16051269999999998
0.0,0.0,1494226603915010000,34.2620557,1,2459248.7266088,20.00497,ZTF18aabtxvd,119.2272719,0.21201035000000001
0.0,0.0,1478283373915010001,34.262133,1,2459232.7833796,19.968641,ZTF18aabtxvd,119.2272521,0.13559738
0.0,0.0,1478266400815015001,85.0087806,1,2459232.7664005,19.829828,ZTF20abfcszi,7.8049605,0.13177617
0.0,0.0,1478155480815015005,85.0088001,2,2459232.6554861,19.928186,ZTF20abfcszi,7.8054266,0.1331794
0.0,0.0,1478113503915015004,-9.6141208,1,2459232.6135069,20.178942,ZTF20abowque,34.4747855,0.16668262
0.0,0.0,1477464434415015016,27.4405594,2,2459231.9644329,19.818039,ZTF20abnorit,171.3584642,0.10025547
0.0,0.0,1477422364415015012,27.4406135,1,2459231.9223611,19.339735,ZTF20abnorit,171.3584458,0.07628392
0.0,0.0,1477324930015010000,45.5922144,2,2459231.8249306,19.555204,ZTF18aahqkbt,123.8606479,0.14091025000000001
0.0,0.0,1477261800015010002,45.5921897,1,2459231.7618056,19.153078,ZTF18aahqkbt,123.8608984,0.07769326
0.0,0.0,1476411933915010000,34.262097,1,2459230.9119329,20.258888,ZTF18aabtxvd,119.2272705,0.16638221
0.0,0.0,1476234680815015004,85.008813,2,2459230.7346875,19.80342,ZTF20abfcszi,7.8062186,0.19506258
0.0,0.0,1476195520815015003,85.0087984,1,2459230.6955208,19.775965,ZTF20abfcszi,7.8055111,0.13196921
0.0,0.0,1475314620015010003,45.5922879,1,2459229.8146296,19.0737,ZTF18aahqkbt,123.8608497,0.100230016
0.0,0.0,1474421950515010015,1.6927927,1,2459228.921956,16.476547,ZTF18acpdvos,151.7119898,0.025410283000000002
0.0,0.0,1474263313915010000,34.2621409,1,2459228.7633102,20.035389,ZTF18aabtxvd,119.2272443,0.1965625
0.0,0.0,1474253980815015004,85.008869,1,2459228.7539815,19.972643,ZTF20abfcszi,7.8047453,0.18425189
0.0,0.0,1474235410815015004,85.0088436,2,2459228.7354167,19.533516,ZTF20abfcszi,7.8059375,0.15920119
0.0,0.0,1472311643915010000,34.2620776,1,2459226.8116435,20.07597,ZTF18aabtxvd,119.2272655,0.20500588
0.0,0.0,1472257920815015010,85.0088186,2,2459226.7579282,19.50439,ZTF20abfcszi,7.8065283,0.14122163000000001
0.0,0.0,1471443664415015011,27.4406069,1,2459225.943669,19.203682,ZTF20abnorit,171.3584601,0.12622964
0.0,0.0,1471411654415015016,27.4405829,2,2459225.9116551,19.59873,ZTF20abnorit,171.3584377,0.14458755
0.0,0.0,1471339780015010001,45.5921753,1,2459225.8397801,19.177456,ZTF18aahqkbt,123.8608566,0.07928794
0.0,0.0,1470422173915010000,34.2619667,1,2459224.9221759,20.058659,ZTF18aabtxvd,119.2272772,0.18648364
0.0,0.0,1470250870815015002,85.0088966,2,2459224.7508796,19.658487,ZTF20abfcszi,7.8045358,0.12605144000000001
0.0,0.0,1470197434115015002,85.0088575,1,2459224.6974306,19.8568,ZTF20abfcszi,7.8050128,0.18198155
0.0,0.0,1469469384415015014,27.4405903,2,2459223.9693866,19.541904,ZTF20abnorit,171.3584184,0.16345917000000001
0.0,0.0,1469402024415015006,27.4405715,1,2459223.9020255,19.296125,ZTF20abnorit,171.3584422,0.11437464
0.0,0.0,1469343250015010000,45.5921923,1,2459223.8432523,19.087427,ZTF18aahqkbt,123.8609504,0.07785347000000001
0.0,0.0,1468411573915010000,34.2621098,1,2459222.9115741,19.96386,ZTF18aabtxvd,119.2272893,0.13437894
0.0,0.0,1468284390815015008,85.0088265,1,2459222.7843981,19.907936,ZTF20abfcszi,7.8054922,0.17432809
0.0,0.0,1468268410815015002,85.0088007,2,2459222.7684144,19.671278,ZTF20abfcszi,7.805424,0.13852228
0.0,0.0,1467463834415015007,27.4405973,1,2459221.963831,19.117813,ZTF20abnorit,171.3584671,0.104698144
0.0,0.0,1467426894415015011,27.4406003,2,2459221.9268981,19.60287,ZTF20abnorit,171.3584632,0.13671227
0.0,0.0,1467353360015010001,45.5921906,1,2459221.8533681,19.15236,ZTF18aahqkbt,123.8609034,0.07178834
0.0,0.0,1466269664115015004,85.0087602,1,2459220.7696644,19.938175,ZTF20abfcszi,7.8070899,0.20611931
0.0,0.0,1466236090815015009,85.0088418,2,2459220.7360995,19.526585,ZTF20abfcszi,7.8056425,0.21131071
0.0,0.0,1465475994415015010,27.4406224,2,2459219.9759954,19.484478,ZTF20abnorit,171.3584194,0.15042838
0.0,0.0,1465441074415015006,27.4405838,1,2459219.9410764,19.29233,ZTF20abnorit,171.358496,0.1194927
0.0,0.0,1465283110015010001,45.5921974,1,2459219.7831134,19.190681,ZTF18aahqkbt,123.8609325,0.08041253
0.0,0.0,1464299104115015002,85.0089097,2,2459218.7991088,19.693998,ZTF20abfcszi,7.8058064,0.21299766
0.0,0.0,1464264903915010000,34.2621563,1,2459218.7649074,20.03575,ZTF18aabtxvd,119.2273261,0.19937785
0.0,0.0,1464255060815015003,85.0087793,1,2459218.7550694,19.886242,ZTF20abfcszi,7.8063158999999995,0.20588326
0.0,0.0,1464220574115015003,85.0089278,1,2459218.7205787,20.060295,ZTF20abfcszi,7.8054158000000005,0.21003275000000002
0.0,0.0,1462296420815015005,85.0088078,2,2459216.7964236,19.768757,ZTF20abfcszi,7.8056328,0.18214388
0.6615334749,0.8631475568,1457141375815015003,-7.2664012,2,2459211.6413773,18.72852,ZTF20acqoiyt,335.5712668,0.15215479
0.0,0.0,1456300260815015002,85.0088462,2,2459210.8002662,19.171015,ZTF20abfcszi,7.8062024,0.1601781
0.0,0.0,1456238950815015003,85.0088117,1,2459210.7389583,19.700994,ZTF20abfcszi,7.8062151,0.20182137
0.0,0.0,1452413874415015003,27.4405619,1,2459206.9138773,19.250883,ZTF20abnorit,171.3584457,0.21189465000000002
0.0,0.0,1452388200015010000,45.5922516,1,2459206.888206,19.176083,ZTF18aahqkbt,123.8609325,0.19615431
0.0,0.0,1451434130515010001,1.6927914,1,2459205.9341319,16.439627,ZTF18acpdvos,151.7120244,0.105531074
0.0,0.0,1451395103915010000,34.2621191,1,2459205.8951042,20.15683,ZTF18aabtxvd,119.227233,0.16635965
0.6407734156,0.8546832204,1451130015815015006,-7.2663497,2,2459205.6300116,18.421974,ZTF20acqoiyt,335.5713594,0.082541846
0.3329723775,0.7750166059,1451096525815015003,-7.2663972,1,2459205.5965278,18.53381,ZTF20acqoiyt,335.5713267,0.07688807
0.0,0.0,1450442590015010001,45.5922493,1,2459204.9425926,19.183483,ZTF18aahqkbt,123.8609507,0.06777877
0.0,0.0,1450314224115015002,85.0088584,1,2459204.8142245,19.849882,ZTF20abfcszi,7.8059659,0.18258163
0.0,0.0,1450313760815015004,85.0088151,1,2459204.8137616,19.741735,ZTF20abfcszi,7.8063193,0.14860706
0.0,0.0,1450288900815015008,85.008794,2,2459204.7889005,19.492653,ZTF20abfcszi,7.8067072,0.12602495
0.0,0.0,1449484754415015011,27.4406364,2,2459203.9847569,19.39758,ZTF20abnorit,171.3584022,0.14367738
0.0,0.0,1449402964415015003,27.4405599,1,2459203.902963,19.102392,ZTF20abnorit,171.3584381,0.11152947
0.0,0.0,1448402030015010001,45.5920308,2,2459202.902037,19.548798,ZTF18aahqkbt,123.8608105,0.15222341
0.0,0.0,1448361670015010003,45.592179,1,2459202.8616782,19.15524,ZTF18aahqkbt,123.8609317,0.090321
0.0,0.0,1446516964415015004,27.4405934,2,2459201.0169676,19.238605,ZTF20abnorit,171.3584545,0.18194639999999998
0.0,0.0,1446447924415015004,27.4406335,1,2459200.9479282,19.171663,ZTF20abnorit,171.3584038,0.16334839
0.0,0.0,1445428240015010001,45.5922089,1,2459199.9282407,19.092426,ZTF18aahqkbt,123.8609416,0.07227259
0.9360799193,0.7389243841,1445124165815015003,-7.2664321,2,2459199.6241667,18.128061,ZTF20acqoiyt,335.5713811,0.08150965
0.0,0.0,1444517840515010027,1.6927822,1,2459199.0178472,16.490044,ZTF18acpdvos,151.711994,0.030953770000000002
0.0,0.0,1444506234415015010,27.4405961,1,2459199.0062384,19.088322,ZTF20abnorit,171.3584419,0.082889445
0.0,0.0,1444486124415015013,27.4405902,2,2459198.9861227,19.398561,ZTF20abnorit,171.358479,0.11671202
0.0,0.0,1444371923915010000,34.2620866,1,2459198.8719213,20.039806,ZTF18aabtxvd,119.2273608,0.16888129999999998
0.0,0.0,1444347320815015005,85.0088557,1,2459198.8473264,19.937197,ZTF20abfcszi,7.8051627,0.16410875
0.0,0.0,1444161294115015003,85.0088313,1,2459198.6612963,19.607590000000002,ZTF20abfcszi,7.8065267,0.19233082
0.0,0.0,1444131214115015001,85.0087308,2,2459198.6312153,19.568998,ZTF20abfcszi,7.8057896,0.17178975
0.0,0.0,1442435340015010002,45.5922498,1,2459196.9353472,19.155655,ZTF18aahqkbt,123.8609824,0.07323182
0.0,0.0,1442270680815015006,85.0087479,2,2459196.7706829,19.107882,ZTF20abfcszi,7.8057741,0.19038704
0.0,0.0,1441184533915015011,-9.6141348,1,2459195.684537,20.048704,ZTF20abowque,34.4748084,0.18587008
0.0,0.0,1440533544415015020,27.4405881,1,2459195.0335417,19.15214,ZTF20abnorit,171.3584174,0.08811857000000001
0.0,0.0,1440517514415015009,27.4406372,2,2459195.0175116,19.56434,ZTF20abnorit,171.3584443,0.14193165
0.0,0.0,1440429710015010001,45.592187,1,2459194.9297106,19.13977,ZTF18aahqkbt,123.8609697,0.086981535
0.0,0.0,1440418195615015000,22.6483973,1,2459194.9181944,19.108337,ZTF17aaazdba,123.3207586,0.21017377
0.3360930085,0.6966643929,1440181145815015003,-7.2663973,1,2459194.6811458,17.7833,ZTF20acqoiyt,335.5713629,0.10095289
0.0,0.0,1440151400815015011,85.0091392,2,2459194.6514005,19.671453,ZTF20abfcszi,7.8065916,0.18392599
0.0,0.0,1439362953915010000,34.2621377,1,2459193.8629514,19.936504,ZTF18aabtxvd,119.2273493,0.14556912
0.0,0.0,1438458270215010046,22.6481942,2,2459192.9582755,17.254578,ZTF17aaazdba,123.3205785,0.11309711
0.0,0.0,1438385410015010001,45.5922305,1,2459192.8854167,19.114088,ZTF18aahqkbt,123.8609299,0.11425539
0.0,0.0,1438195740815015010,85.0087394,1,2459192.6957407,19.568398,ZTF20abfcszi,7.8049823,0.16572109000000002
0.0,0.0,1436369463915010000,34.2620213,1,2459190.8694676,19.98097,ZTF18aabtxvd,119.2272264,0.20333415
0.0,0.0,1435247234115015003,85.0089666,2,2459189.7472338,19.711569,ZTF20abfcszi,7.8047251,0.19668415
0.0,0.0,1435213653915015007,-9.6141312,2,2459189.7136574,20.167137,ZTF20abowque,34.4748459,0.16914894
0.45044168830000003,0.8309641480000001,1435169545815015004,-7.2663833,2,2459189.6695486,17.8302,ZTF20acqoiyt,335.5713245,0.07048335
0.0,0.0,1435164014115015007,85.0088964,1,2459189.6640162,19.680687,ZTF20abfcszi,7.8052498,0.21141161
0.5282917023,0.6755519509,1435110335815015003,-7.2664001,1,2459189.6103356,17.65492,ZTF20acqoiyt,335.571393,0.053979788
0.0,0.0,1434540564415015005,27.4405959,1,2459189.0405671,18.947554,ZTF20abnorit,171.3584621,0.10162336
0.0,0.0,1433385280015010000,45.5922126,1,2459187.8852894,19.119562,ZTF18aahqkbt,123.8609161,0.16081096
0.0219733454,0.6861432791000001,1433169895815015004,-7.2663625,2,2459187.6698958,17.920393,ZTF20acqoiyt,335.5714429,0.06442169
0.0,0.0,1433135654115015006,85.0087968,1,2459187.6356597,19.67921,ZTF20abfcszi,7.8069544,0.16997105
0.0,0.0,1433110410815015003,85.0088107,1,2459187.6104167,19.7702,ZTF20abfcszi,7.8060766,0.16693102
0.0,0.0,1430510014415015011,27.44061,2,2459185.0100116,19.354061,ZTF20abnorit,171.3584688,0.1269738
0.3567613363,0.7059978247,1430148955815015002,-7.2663769,1,2459184.6489583,17.97949,ZTF20acqoiyt,335.5713707,0.065085426
0.3143821657,0.8122297525000001,1428197235815015004,-7.2664159,2,2459182.6972338,18.212505,ZTF20acqoiyt,335.571335,0.07232883
0.32735538480000004,0.7054619193,1428155055815015001,-7.2663846,1,2459182.6550579,18.02933,ZTF20acqoiyt,335.571378,0.08606985
0.0,0.0,1427514970015010000,45.5921705,1,2459182.0149769,19.109276,ZTF18aahqkbt,123.861008,0.11391095
0.0,0.0,1427506204415015004,27.4405486,1,2459182.0062037,18.906652,ZTF20abnorit,171.3584138,0.12356404
0.0,0.0,1427493774415015005,27.4406334,2,2459181.9937731,19.392056,ZTF20abnorit,171.358492,0.12903716
0.0,0.0,1427111460815015001,85.0089851,2,2459181.6114699,19.29133,ZTF20abfcszi,7.8055269,0.17266907
0.0,0.0,1425486144415015013,27.4406,1,2459179.9861458,19.016277,ZTF20abnorit,171.3584122,0.08870372
0.0,0.0,1425483290515010017,1.6927854,1,2459179.9832986,16.472998,ZTF18acpdvos,151.7119873,0.033563517
0.0,0.0,1425472740015010000,45.5922444,1,2459179.9727431,19.13081,ZTF18aahqkbt,123.8609672,0.07917872000000001
0.0,0.0,1425322410815015004,85.0089363,2,2459179.822419,19.181242,ZTF20abfcszi,7.8044901,0.13321155
0.3359848261,0.7536338568000001,1424197835815015220,-7.2664114,2,2459178.6978356,18.374577,ZTF20acqoiyt,335.5713467,0.08094720500000001
0.3544577956,0.6906161904,1424158055815015002,-7.2663869,1,2459178.6580556,18.293406,ZTF20acqoiyt,335.571371,0.094591305
0.0,0.0,1422553134415015007,27.4405863,2,2459177.0531366,19.255379,ZTF20abnorit,171.3584618,0.0936361
0.0,0.0,1422506644415015009,27.4405874,1,2459177.0066435,18.958014,ZTF20abnorit,171.358425,0.074577354
0.0,0.0,1422502890515010018,1.6927868,1,2459177.0028935,16.488003,ZTF18acpdvos,151.7119924,0.030229734
0.0,0.0,1422498192515015006,61.8026153,1,2459176.9981944,20.149366,ZTF20acitpfz,136.3580277,0.15478693000000002
0.0,0.0,1422495840015010001,45.5921916,1,2459176.9958449,19.140661,ZTF18aahqkbt,123.8609308,0.07310851
0.0,0.0,1422432150015010000,45.5922299,2,2459176.9321528,19.747948,ZTF18aahqkbt,123.8609125,0.19430419999999998
0.0,0.0,1422365850815015004,85.0088709,1,2459176.8658565,19.587654,ZTF20abfcszi,7.8056076999999995,0.12885185
0.0,0.0,1422365384115015003,85.0088,1,2459176.8653819,19.585337,ZTF20abfcszi,7.805495,0.11581193000000001
0.0,0.0,1422325984115015004,85.0087805,2,2459176.8259838,19.676607,ZTF20abfcszi,7.8059319,0.19470191
0.0,0.0,1422294950815015005,85.008836,2,2459176.7949537,19.674784,ZTF20abfcszi,7.8066268,0.18256974
0.0,0.0,1420528480515010004,1.6927911,1,2459175.0284838,16.476336,ZTF18acpdvos,151.7119945,0.049941972
0.0,0.0,1418233650815015004,85.0088977,1,2459172.7336574,19.630077,ZTF20abfcszi,7.8063252,0.13009116
0.0,0.0,1418228764115015004,85.0088186,1,2459172.7287616,19.621477,ZTF20abfcszi,7.8069007,0.11371221000000001
0.32552835350000003,0.6625601053,1418117335815015004,-7.2663672,1,2459172.617338,18.560106,ZTF20acqoiyt,335.5713879,0.07863195
0.0,0.0,1417264153915015005,-9.614144,1,2459171.7641551,19.839611,ZTF20abowque,34.4747765,0.18167666000000002
0.0,0.0,1416547774415015009,27.4406192,2,2459171.0477778,19.101585,ZTF20abnorit,171.3584439,0.10534104
0.0,0.0,1416482870515010015,1.6927872,1,2459170.9828704,16.484772,ZTF18acpdvos,151.7119939,0.02972002
0.0,0.0,1416475134415015006,27.4405885,1,2459170.9751389,18.81666,ZTF20abnorit,171.3584389,0.099846974
0.0,0.0,1416450870015010000,45.592234,1,2459170.9508796,19.135218,ZTF18aahqkbt,123.8609286,0.09095271
0.0,0.0,1416444713915010000,34.2620941,1,2459170.9447106,20.037996,ZTF18aabtxvd,119.2273137,0.14966407
0.0,0.0,1416217264115015005,85.008864,1,2459170.7172685,19.458923,ZTF20abfcszi,7.8054039,0.14403728
0.0,0.0,1416203680815015006,85.0088546,1,2459170.7036806,19.66835,ZTF20abfcszi,7.8064339,0.14279623
0.34765055780000004,0.6464526653,1416163775815015006,-7.2663719,1,2459170.6637731,19.004456,ZTF20acqoiyt,335.5713585,0.10439219999999999
0.0,0.0,1416135964115015003,85.008889,2,2459170.6359606,19.382149,ZTF20abfcszi,7.8059833,0.13862808000000001
0.0,0.0,1416135480815015005,85.0088515,2,2459170.6354861,19.508156,ZTF20abfcszi,7.8075273,0.12343290400000001
0.6999716163,0.5472227335000001,1416107885815015009,-7.2663402,2,2459170.6078819,19.20861,ZTF20acqoiyt,335.571373,0.103232786
0.0,0.0,1415532592515015011,61.802664,2,2459170.0325926,19.65672,ZTF20acitpfz,136.3578615,0.14420237
0.0,0.0,1415493062515015005,61.8025921,1,2459169.9930671,20.00164,ZTF20acitpfz,136.3580593,0.16963306
0.0,0.0,1415278793915015010,-9.6141706,2,2459169.7787963,20.256844,ZTF20abowque,34.4748126,0.17935826
0.0,0.0,1415249763915015010,-9.6141362,1,2459169.7497685,19.796799,ZTF20abowque,34.4748349,0.16141439999999999
0.0,0.0,1414537224415015014,27.4406062,2,2459169.0372222,19.158274,ZTF20abnorit,171.3584613,0.09420017
0.0,0.0,1414519520515010023,1.6927911999999998,1,2459169.0195255,16.4795,ZTF18acpdvos,151.7119953,0.025831265000000003
0.0,0.0,1414508254415015008,27.440571,1,2459169.0082523,18.789745,ZTF20abnorit,171.3584288,0.06404652
0.0,0.0,1414477013915010001,34.2621064,1,2459168.9770139,20.028847,ZTF18aabtxvd,119.2272639,0.18864024000000001
0.0,0.0,1414473690015010001,45.5922036,1,2459168.9736921,19.183235,ZTF18aahqkbt,123.8609167,0.07467472
0.0,0.0,1414464865615015001,22.648464,1,2459168.9648611,19.152569,ZTF17aaazdba,123.3207422,0.17688231000000001
0.0,0.0,1414205794115015005,85.0088319,1,2459168.7057986,19.550272,ZTF20abfcszi,7.806643,0.11186915
0.0,0.0,1414205320815015004,85.0088458,1,2459168.7053241,19.486832,ZTF20abfcszi,7.8058167,0.1101052
0.0,0.0,1414136384115015008,85.0088358,2,2459168.6363889,19.58016,ZTF20abfcszi,7.8063687,0.13142286
0.41454494000000003,0.5616730452,1414100985815015005,-7.2664304,1,2459168.6009838,19.690351,ZTF20acqoiyt,335.5714518,0.15939704
0.0,0.0,1413524162515015002,61.8025872,1,2459168.0241667,19.506037,ZTF20acitpfz,136.3579888,0.113705106
0.0,0.0,1413490942515015002,61.8026385,2,2459167.9909491,19.426487,ZTF20acitpfz,136.3578151,0.11424227
0.0,0.0,1413237233915015009,-9.6142227,2,2459167.7372338,19.99983,ZTF20abowque,34.4747935,0.18416449999999998
0.0,0.0,1413232210815015005,85.0087325,2,2459167.7322106,19.243599,ZTF20abfcszi,7.8063562,0.122241415
0.0,0.0,1412387804115015002,85.0088238,1,2459166.8878009,19.5251,ZTF20abfcszi,7.8065117,0.14977604
0.0,0.0,1412298534115015007,85.0089734,2,2459166.7985301,19.446125,ZTF20abfcszi,7.8051514,0.13170524
0.0,0.0,1411522590515010015,1.6927897,1,2459166.0225926,16.478249,ZTF18acpdvos,151.7119918,0.038442146
0.0,0.0,1411516934415015013,27.4406197,1,2459166.0169329,18.792727,ZTF20abnorit,171.3584431,0.07028226
0.0,0.0,1411485844415015005,27.4405856,2,2459165.9858449,19.138727,ZTF20abnorit,171.3584809,0.08179860600000001
0.0,0.0,1411449250015010001,45.5922075,1,2459165.9492593,19.282927,ZTF18aahqkbt,123.8609288,0.07218022
0.0,0.0,1411445973915010001,34.2620821,1,2459165.9459722,19.951834,ZTF18aabtxvd,119.2272657,0.13916524
0.0,0.0,1411427312515015003,61.802566,2,2459165.9273148,18.942581,ZTF20acitpfz,136.3577844,0.08876315
0.0,0.0,1411388572515015004,61.8025766,1,2459165.8885764,18.991598,ZTF20acitpfz,136.3578496,0.07470496
0.0,0.0,1411324240815015007,85.0088046,2,2459165.8242477,19.400396,ZTF20abfcszi,7.80631,0.10367223
0.0,0.0,1411232743915015011,-9.614141,2,2459165.7327431,20.11465,ZTF20abowque,34.474788,0.16596149000000002
0.0,0.0,1411176740815015004,85.0088666,1,2459165.6767477,19.786821,ZTF20abfcszi,7.807412,0.13901155
0.0,0.0,1410441224115015003,85.0087969,1,2459164.9412269,19.553205,ZTF20abfcszi,7.8067139,0.15876402
0.0,0.0,1410440270815015006,85.0088309,1,2459164.9402778,19.330883,ZTF20abfcszi,7.8056674,0.09883357
0.0,0.0,1410299384115015008,85.0087869,2,2459164.7993866,19.539537,ZTF20abfcszi,7.8051563999999996,0.15867017
0.0,0.0,1410298910815015005,85.0089939,2,2459164.798912,19.231968,ZTF20abfcszi,7.806459,0.12757494
0.0,0.0,1409441423915010000,34.2621027,1,2459163.9414236,20.131298,ZTF18aabtxvd,119.2272851,0.16460827
0.0,0.0,1405492104415015010,27.4405956,2,2459159.9921065,19.0184,ZTF20abnorit,171.3584558,0.123306625
0.0,0.0,1404516922515015004,61.8025967,2,2459159.0169213,18.423563,ZTF20acitpfz,136.3578915,0.08036417500000001
0.0,0.0,1404498550515010007,1.6927780000000001,1,2459158.9985532,16.486185,ZTF18acpdvos,151.7119986,0.032842413
0.0,0.0,1404491332515015001,61.8025335,1,2459158.991331,18.222061,ZTF20acitpfz,136.3579171,0.08869241
0.0,0.0,1404205570815015002,85.0089518,1,2459158.7055787,19.652411999999998,ZTF20abfcszi,7.8049831,0.20678723000000002
0.0,0.0,1403494164415015005,27.4405866,2,2459157.9941667,19.21555,ZTF20abnorit,171.3584898,0.15690348
0.0,0.0,1402531972515015001,61.8025916,2,2459157.0319792,18.262173,ZTF20acitpfz,136.3577967,0.08061394
0.0,0.0,1402500170515010006,1.6927898,1,2459157.0001736,16.495737,ZTF18acpdvos,151.711994,0.034189418
0.0,0.0,1402493362515015001,61.8025688,1,2459156.9933681,18.212406,ZTF20acitpfz,136.3578826,0.072970115
0.0,0.0,1402470240015010000,45.5921434,1,2459156.9702431,19.2697,ZTF18aahqkbt,123.8608254,0.18724047
0.0,0.0,1401488504415015007,27.440616,2,2459155.9885069,18.963314,ZTF20abnorit,171.3584533,0.13584122
0.0,0.0,1401175330815015004,85.0087944,1,2459155.6753356,19.3426,ZTF20abfcszi,7.805906,0.16167538
0.0,0.0,1400360034115015002,85.0088037,1,2459154.8600347,19.17464,ZTF20abfcszi,7.8062747,0.1734927
0.0,0.0,1400172694115015003,85.0088623,2,2459154.6726968,19.373703,ZTF20abfcszi,7.8059157,0.2140446
0.0,0.0,1399524460515010004,1.6927808,1,2459154.0244676,16.477121,ZTF18acpdvos,151.7120013,0.028399892000000003
0.0,0.0,1399520050015010000,45.5922657,1,2459154.0200579,19.287323,ZTF18aahqkbt,123.8610247,0.1519833
0.0,0.0,1399515722515015002,61.802566,1,2459154.0157292,17.966238,ZTF20acitpfz,136.3578257,0.07225014
0.0,0.0,1399490202515015001,61.8025725,2,2459153.9902083,18.1197,ZTF20acitpfz,136.3578636,0.055093233000000005
0.0,0.0,1398545874415015005,27.4405996,1,2459153.0458796,18.6058,ZTF20abnorit,171.3584566,0.120642334
0.0,0.0,1398508140515010007,1.6927842,1,2459153.0081481,16.490625,ZTF18acpdvos,151.7119968,0.028924886
0.0,0.0,1398398060815015002,85.0088092,2,2459152.8980671,18.948013,ZTF20abfcszi,7.8055326,0.11767751
0.0,0.0,1398256314115015004,85.008858,1,2459152.7563194,19.12748,ZTF20abfcszi,7.8068095,0.12650315
0.0,0.0,1398219094115015006,85.0088699,2,2459152.7190972,19.212908,ZTF20abfcszi,7.8067751,0.1669414
0.0,0.0,1397493770015010000,45.5922191,1,2459151.9937731,19.158413,ZTF18aahqkbt,123.860902,0.11190517
0.0,0.0,1397476030515010016,1.6927811,1,2459151.9760301,16.467052,ZTF18acpdvos,151.7119754,0.03354471
0.0,0.0,1397449062515015002,61.802559,2,2459151.9490625,18.132904,ZTF20acitpfz,136.3577703,0.0638162
0.0,0.0,1397392412515015002,61.8025527,1,2459151.892419,17.936352,ZTF20acitpfz,136.3578778,0.083843865
0.0,0.0,1397337620815015001,85.0088811,2,2459151.8376273,19.186966,ZTF20abfcszi,7.8062906,0.14161302
0.0,0.0,1397159780815015003,85.0088672,1,2459151.6597801,19.14612,ZTF20abfcszi,7.8045447,0.13198419
0.0,0.0,1392498020515010002,1.6927656,1,2459146.9980208,16.439621,ZTF18acpdvos,151.7119965,0.12578759
0.0,0.0,1390504810515010013,1.6927908,1,2459145.0048148,16.479403,ZTF18acpdvos,151.7119934,0.035045985
0.0,0.0,1390462900815015002,85.0088069,1,2459144.9629051,19.148327,ZTF20abfcszi,7.8058388999999995,0.077722624
0.069997102,0.6523530483000001,1390407263915015006,-9.6141518,2,2459144.9072685,19.848463,ZTF20abowque,34.4748177,0.106259316
0.0,0.0,1390356794115015009,85.0088297,1,2459144.856794,19.098375,ZTF20abfcszi,7.8066377,0.07321998
0.36289498210000004,0.6503199339,1390339273915015023,-9.6141329,1,2459144.8392708,19.695522,ZTF20abowque,34.47474,0.11892266600000001
0.0,0.0,1390216900815015008,85.0088463,2,2459144.7169097,19.054922,ZTF20abfcszi,7.8063441000000005,0.11143889
0.0,0.0,1390216434115015012,85.0088068,2,2459144.7164352,19.154898,ZTF20abfcszi,7.8065979,0.12349301
0.0,0.0,1389512693915010000,34.2621526,1,2459144.0126968,20.005955,ZTF18aabtxvd,119.2272811,0.16539742000000002
0.0,0.0,1389492152515015003,61.8025724,2,2459143.9921528,18.899996,ZTF20acitpfz,136.3578966,0.07470623
0.0,0.0,1389431430015010000,45.592243,1,2459143.9314352,19.09026,ZTF18aahqkbt,123.8609799,0.07673365600000001
0.0,0.0,1389429972515015004,61.8025773,1,2459143.9299769,18.607367,ZTF20acitpfz,136.3578375,0.06763361
0.0,0.0,1389351521615015004,-10.2265194,2,2459143.8515278,20.019917,ZTF19abzrhgq,71.6578568,0.14477888
0.0,0.0,1388402910815015010,85.0088449,1,2459142.9029167,18.992243,ZTF20abfcszi,7.8065359,0.08134606500000001
0.0,0.0,1388402444115015003,85.0088356,1,2459142.9024421,19.053165,ZTF20abfcszi,7.8070235,0.06318831400000001
0.0373791158,0.6592663527,1388358473915015008,-9.6141611,2,2459142.8584722,19.984245,ZTF20abowque,34.4747443,0.1415094
0.0,0.0,1387487242515015004,61.8025784,2,2459141.9872454,19.354818,ZTF20acitpfz,136.3579369,0.14183909
0.0,0.0,1387453952515015004,61.8025488,1,2459141.9539583,19.055447,ZTF20acitpfz,136.357824,0.0910888
0.0,0.0,1387451150015010000,45.5921924,1,2459141.9511574,19.205187,ZTF18aahqkbt,123.8608839,0.08977851
0.0,0.0,1387445373915010001,34.2620843,1,2459141.9453704,19.940908,ZTF18aabtxvd,119.2273585,0.17266983
0.0149907339,0.6659027934,1386301573915015011,-9.6141381,1,2459140.8015741,19.74331,ZTF20abowque,34.4747815,0.15389268
0.0,0.0,1386280694115015001,85.0088393,1,2459140.7806944,19.033937,ZTF20abfcszi,7.8065105,0.079181865
0.0,0.0,1386238244115015011,85.0088536,2,2459140.7382407,19.072731,ZTF20abfcszi,7.8063149,0.089475736
0.0,0.0,1386237760815015003,85.0088798,2,2459140.7377662,19.27274,ZTF20abfcszi,7.8066481,0.11919699600000001
0.0,0.0,1386199970815015008,85.0088222,1,2459140.6999769,19.018612,ZTF20abfcszi,7.8059583,0.08297769
0.0,0.0,1385493642515015004,61.8025559,2,2459139.9936458,19.400162,ZTF20acitpfz,136.357928,0.14888676
0.0,0.0,1385447843915010000,34.2621692,1,2459139.9478472,20.070387,ZTF18aabtxvd,119.2272958,0.18656702
0.0,0.0,1385410872515015003,61.8025791,1,2459139.9108796,18.936626,ZTF20acitpfz,136.3578588,0.11366878400000001
0.0141827492,0.6754536033,1384359473915015010,-9.614184,1,2459138.8594792,19.584536,ZTF20abowque,34.4747741,0.15232445
0.0,0.0,1384240810815015009,85.0088278,1,2459138.7408102,18.918308,ZTF20abfcszi,7.8059478,0.10722029999999999
0.0,0.0,1384240334115015005,85.0088414,1,2459138.7403356,18.92734,ZTF20abfcszi,7.806852,0.093501575
0.0,0.0,1383507082515015003,61.8026018,2,2459138.0070833,19.31222,ZTF20acitpfz,136.3578729,0.13009723
0.0,0.0,1383468060015010000,45.5922311,1,2459137.9680671,19.11971,ZTF18aahqkbt,123.8608996,0.08874706
0.0,0.0,1383465713915010000,34.2621178,1,2459137.9657176,20.007612,ZTF18aabtxvd,119.2272592,0.1590222
0.0,0.0,1383450522515015006,61.802569,1,2459137.9505208,19.060587,ZTF20acitpfz,136.3578852,0.09646579
0.0,0.0,1382501620815015007,85.0088298,2,2459137.0016204,18.8124,ZTF20abfcszi,7.806671,0.08742712400000001
0.0,0.0,1382469654115015003,85.0088359,2,2459136.9696528,18.909546,ZTF20abfcszi,7.8056512,0.07468096
0.0,0.0,1382456054115015009,85.0088514,1,2459136.9560532,18.949968,ZTF20abfcszi,7.8063023,0.08294971
0.0005294046,0.6707156897000001,1382395743915015016,-9.6141457,1,2459136.8957407,19.576462,ZTF20abowque,34.4748141,0.11122373
0.0033125612,0.6750457287,1382314683915015012,-9.6141285,2,2459136.8146875,19.940077,ZTF20abowque,34.4747977,0.11139987
0.0,0.0,1382243090815015005,85.008848,1,2459136.7430903,18.926603,ZTF20abfcszi,7.806559,0.0871628
0.0,0.0,1380452244115015005,85.0088325,2,2459134.9522454,18.885958,ZTF20abfcszi,7.8056929,0.12312992
0.0,0.0,1380429400815015003,85.0088666,2,2459134.9294097,18.857048,ZTF20abfcszi,7.8058015,0.10335256
0.0007542138,0.6672557592,1380379503915015027,-9.6142131,1,2459134.8795023,19.442644,ZTF20abowque,34.4747571,0.16853079
0.0,0.0,1380256494115015006,85.0088008,1,2459134.7564931,18.966145,ZTF20abfcszi,7.8058799,0.09788484
0.0,0.0,1380256010815015003,85.008849,1,2459134.7560185,18.9055,ZTF20abfcszi,7.8057849,0.08815133600000001
0.0,0.0,1377343250815015002,85.0089059,1,2459131.8432523,18.822124,ZTF20abfcszi,7.8055141,0.13690259
0.0,0.0,1377327914115015011,85.0088513,1,2459131.8279167,18.685684,ZTF20abfcszi,7.8064242,0.10225946
0.0,0.0,1375315694115015006,85.0088196,1,2459129.8156944,18.792961,ZTF20abfcszi,7.8061508,0.10040215400000001
0.0,0.0,1375300000815015003,85.0088296,1,2459129.8,18.98795,ZTF20abfcszi,7.8057061999999995,0.10599689999999999
0.0,0.0,1375242590815015040,85.0088573,2,2459129.7425926,18.9547,ZTF20abfcszi,7.806566,0.10257066000000001
0.0,0.0,1375242114115015003,85.0088231,2,2459129.7421181,18.777567,ZTF20abfcszi,7.8068288,0.07706203
0.0,0.0,1372375110815015003,85.0088138,2,2459126.8751157,18.840088,ZTF20abfcszi,7.8065586,0.11017572
0.0,0.0,1372374654115015005,85.0088588,2,2459126.8746528,18.760712,ZTF20abfcszi,7.8068073,0.10839303600000001
0.0,0.0,1371413130815015001,85.0088262,1,2459125.9131366,18.77722,ZTF20abfcszi,7.8059434,0.10813924
0.0,0.0,1371412674115015004,85.0088177,1,2459125.9126736,18.73895,ZTF20abfcszi,7.8060851,0.10729495400000001
0.0,0.0,1371330114115015003,85.0088861,2,2459125.8301157,18.78625,ZTF20abfcszi,7.806314,0.116760135
0.0,0.0,1370514430015010000,45.5921802,1,2459125.0144329,19.126514,ZTF18aahqkbt,123.8609382,0.12687036000000002
0.0,0.0,1370320930815015001,85.0087965,2,2459124.8209375,18.838879,ZTF20abfcszi,7.806472,0.13811736
0.0,0.0,1370320464115015001,85.008838,2,2459124.820463,18.753677,ZTF20abfcszi,7.8067265,0.10002943
0.0,0.0,1369322300815015002,85.0088963,2,2459123.8223032,18.928852,ZTF20abfcszi,7.8067796,0.14541137
0.0,0.0,1369321824115015005,85.0088348,2,2459123.8218287,18.825485,ZTF20abfcszi,7.8064016,0.13198023
0.0,0.0,1369201654115015001,85.0088443,1,2459123.7016551,18.795234999999998,ZTF20abfcszi,7.8064069,0.18013376
0.0,0.0,1367507960015010000,45.5922447,1,2459122.007963,19.189217,ZTF18aahqkbt,123.8608876,0.11435905
0.7047567368000001,0.6942907572,1367448783915015005,-9.6140732,2,2459121.9487847,19.619469,ZTF20abowque,34.4749144,0.17357813
0.0429028906,0.656278193,1367418123915015006,-9.6141501,1,2459121.918125,19.357443,ZTF20abowque,34.4747998,0.17634277
0.0,0.0,1367397510815015004,85.0088229,1,2459121.8975116,18.649605,ZTF20abfcszi,7.8065644,0.09495705
0.0515887924,0.6580824256000001,1367383213915015004,-9.6140995,1,2459121.8832176,19.485167,ZTF20abowque,34.4748112,0.19618553
0.0,0.0,1367356404115015002,85.008824,1,2459121.8564005,18.774502,ZTF20abfcszi,7.8061799,0.13224086000000002
0.0,0.0,1366477700015010000,45.592234,1,2459120.9777083,19.328579,ZTF18aahqkbt,123.8609375,0.117932774
0.0,0.0,1366330780815015006,85.0088557,1,2459120.830787,18.723215,ZTF20abfcszi,7.8055886999999995,0.10418764500000001
0.0,0.0,1366329824115015003,85.0088478,1,2459120.8298264,18.730331,ZTF20abfcszi,7.8064757,0.10664468
0.630779922,0.6877097487,1364452843915015012,-9.614136,1,2459118.9528472,19.489254,ZTF20abowque,34.4748037,0.11802937000000001
0.7568512559,0.6832228899,1363421003915015023,-9.6141782,1,2459117.9210069,19.446672,ZTF20abowque,34.4747777,0.11340729000000001
0.7431221604,0.687164247,1363383403915015015,-9.614188,2,2459117.8834028,19.784582,ZTF20abowque,34.4748041,0.116854146
0.0,0.0,1363358644115015015,85.0087652,2,2459117.8586458,18.650526,ZTF20abfcszi,7.8063142,0.07349931
0.0,0.0,1363346380815015006,85.0088573,2,2459117.8463889,18.709105,ZTF20abfcszi,7.8065065,0.08853912
0.0,0.0,1363328260815015005,85.0088123,1,2459117.8282639,18.86831,ZTF20abfcszi,7.8070466,0.0765436
0.0,0.0,1363327784115015004,85.0088395,1,2459117.8277894,18.71914,ZTF20abfcszi,7.8064794,0.078824505
0.0135988267,0.6061914563,1363311570015015029,9.074072,1,2459117.8115741,20.2058,ZTF20abrnwfc,32.6281357,0.2028573
0.8834322691000001,0.6723719835,1362410753915015009,-9.6141559,2,2459116.9107523,19.694427,ZTF20abowque,34.4748341,0.13391095
0.6685221791,0.702121973,1362406973915015005,-9.6141504,2,2459116.9069792,19.720495,ZTF20abowque,34.4748024,0.11922758
0.7505503297,0.7327522635,1362310633915015005,-9.6141337,1,2459116.8106366,19.418133,ZTF20abowque,34.4747759,0.13015282
0.0142027643,0.6519540548,1361420240015015016,9.0741017,1,2459115.9202431,20.118439,ZTF20abrnwfc,32.6281497,0.17475668
0.8170276284,0.68883425,1361392143915015009,-9.6141274,2,2459115.8921412,19.703163,ZTF20abowque,34.4748227,0.10327341
0.0236755461,0.6672557592,1361339800015015028,9.0741422,2,2459115.8398032,20.397375,ZTF20abrnwfc,32.6280929,0.19646461
0.7108502984,0.6625137329,1360400983915015010,-9.6141768,2,2459114.9009838,19.656626,ZTF20abowque,34.474809,0.13185199
0.6283322573,0.6635554433,1360354073915015009,-9.6141533,1,2459114.8540741,19.456774,ZTF20abowque,34.4747609,0.12883566
0.312681675,0.7579876184000001,1360342874115015004,85.0088196,1,2459114.8428704,18.685358,ZTF20abfcszi,7.8060533,0.10554209
0.0,0.0,1360342390815015001,85.0088457,1,2459114.8423958,18.724188,ZTF20abfcszi,7.8066845,0.08291982
0.5663663745,0.7545807958,1360305374115015005,85.0088151,2,2459114.8053704,18.669037,ZTF20abfcszi,7.8063839999999995,0.09574224
0.0,0.0,1360304890815015005,85.0087989,2,2459114.8048958,18.580797,ZTF20abfcszi,7.8058508,0.075788625
0.5621713996000001,0.9115490913000001,1359370554115015005,85.0087951,1,2459113.8705556,18.669203,ZTF20abfcszi,7.8059981,0.10233194400000001
0.4042786956,0.8983039856,1359317444115015005,85.0087912,2,2459113.8174421,18.677526,ZTF20abfcszi,7.8064070999999995,0.06384468
0.2131177038,0.8341531754,1358357104115015005,85.008862,2,2459112.8571065,18.699535,ZTF20abfcszi,7.8063690999999995,0.055471446
0.0132665709,0.6468862891,1358329060015015022,9.0741256,1,2459112.8290625,20.037937,ZTF20abrnwfc,32.6281114,0.13688424
0.2480407953,0.7687016129,1358294324115015006,85.0088292,1,2459112.7943287,18.647392,ZTF20abfcszi,7.8062373,0.06242691400000001
0.0,0.0,1357435810815015002,85.008842,2,2459111.9358102,18.71811,ZTF20abfcszi,7.8063481,0.07268453400000001
0.2976432443,0.8423525095000001,1357435344115015005,85.008825,2,2459111.9353472,18.668736,ZTF20abfcszi,7.8064164,0.08766267
0.0192277748,0.663472414,1357409960015015021,9.0741088,2,2459111.9099653,20.241863,ZTF20abrnwfc,32.6281717,0.20904432
0.8441382647000001,0.6744459271000001,1357399763915015017,-9.6141623,2,2459111.8997685,19.682869,ZTF20abowque,34.4747954,0.11086155
0.049011457700000004,0.6451891065,1357372150015015016,9.0741112,1,2459111.8721528,20.000435,ZTF20abrnwfc,32.6281564,0.16401118
0.8146080375,0.7366680503,1357325404115015003,85.0088337,1,2459111.8254051,18.636454,ZTF20abfcszi,7.8063366,0.07899577
0.0,0.0,1357324930815015002,85.0088375,1,2459111.8249306,18.662924,ZTF20abfcszi,7.806354,0.07124348
0.2709583044,0.8108844161000001,1356442024115015014,85.0088127,2,2459110.9420255,18.68936,ZTF20abfcszi,7.8063071,0.08907555
0.0,0.0,1356314424115015185,85.0088452,1,2459110.8144213,18.529823,ZTF20abfcszi,7.8065917,0.11750308400000001
0.1103043556,0.8913938403,1355425384115015010,85.0088081,2,2459109.9253819,18.49674,ZTF20abfcszi,7.8062311,0.09857254
0.0,0.0,1354470550815015003,85.0088094,2,2459108.9705556,18.542168,ZTF20abfcszi,7.8062343,0.0889981
0.8137976527,0.6779314280000001,1354373353915015005,-9.6141057,1,2459108.8733565,19.354546,ZTF20abowque,34.4747695,0.16211918
0.1032606363,0.7948824167,1354361584115015012,85.0088127,1,2459108.8615856,18.67278,ZTF20abfcszi,7.8064256,0.10398038
0.0,0.0,1354361110815015005,85.0088647,1,2459108.8611111,18.667099,ZTF20abfcszi,7.8063004,0.1061389
0.1617471725,0.8818622828,1353379494115015006,85.0088662,1,2459107.8794907,18.695944,ZTF20abfcszi,7.8065979,0.08734807
0.0,0.0,1353305374115015003,85.0088449,2,2459107.8053704,18.653784,ZTF20abfcszi,7.8062518999999995,0.10035501000000001
0.1756927818,0.8090431690000001,1352360424115015003,85.0088112,2,2459106.8604282,18.572979,ZTF20abfcszi,7.8057107,0.12921296000000002
0.4406197667,0.7155473828000001,1352320624115015006,85.0088057,1,2459106.820625,18.63661,ZTF20abfcszi,7.8065145,0.11437949
0.1927611232,0.7269948721,1348464814115015006,85.0089364,1,2459102.9648148,18.4339,ZTF20abfcszi,7.8053239,0.13768248
0.5327379107,0.7558012605000001,1343467924115015010,85.0087986,2,2459097.9679282,18.461486999999998,ZTF20abfcszi,7.8062932,0.09892917
0.6076158285000001,0.7225962281,1343401774115015004,85.0087195,1,2459097.9017708,18.392843,ZTF20abfcszi,7.8060748,0.07988321
0.49806228280000003,0.6568806767,1342422933915015008,-9.6141164,2,2459096.9229398,19.309479,ZTF20abowque,34.4748493,0.19794579
0.0,0.0,1342349580815015006,85.0088229,2,2459096.8495833,18.445993,ZTF20abfcszi,7.8063508,0.08834741
0.0,0.0,1342349094115015008,85.0088519,2,2459096.8490972,18.522312,ZTF20abfcszi,7.8062551,0.09347175
0.0,0.0,1341482600015010000,45.5921758,1,2459095.9826042,18.906696,ZTF18aahqkbt,123.8607953,0.18128484
0.7874045968000001,0.7878305912,1340486410815015002,85.0088222,1,2459094.986412,18.380241,ZTF20abfcszi,7.8065561,0.09854986
0.7704918981000001,0.7846129537000001,1340485934115015003,85.0088265,1,2459094.9859375,18.253574,ZTF20abfcszi,7.8062065,0.09674967
0.38128271700000005,0.7196208239,1340404200815015000,85.0087504,2,2459094.9042014,18.670427,ZTF20abfcszi,7.8068512,0.12632179999999998
0.8035701513,0.7266737819,1340403724115015004,85.0087944,2,2459094.9037269,18.605497,ZTF20abfcszi,7.8063255,0.13909446
0.3812877834,0.7196212411,1340388440815015003,85.0088063,2,2459094.8884491,18.468842,ZTF20abfcszi,7.8062877,0.08710554
0.803570807,0.7266738415,1340387974115015013,85.0088358,2,2459094.8879745,18.38091,ZTF20abfcszi,7.8064319,0.070920594
0.005009348,0.6373241544,1339436900015015006,9.0740547,1,2459093.9369097,19.302454,ZTF20abrnwfc,32.6282117,0.1531985
0.0,0.0,1338507070015010000,45.5922708,1,2459093.0070718,19.144527,ZTF18aahqkbt,123.8607775,0.13354854
0.2708491683,0.7161500454,1338380384115015005,85.0088433,1,2459092.8803819,18.402565,ZTF20abfcszi,7.8062528,0.09434615
0.2573429048,0.7149775028,1338379900815015001,85.0088378,1,2459092.8799074,18.363543,ZTF20abfcszi,7.8063617,0.09063706
0.0034847453,0.6437113285,1338367140015015003,9.0740468,1,2459092.8671412,19.49443,ZTF20abrnwfc,32.6282156,0.19328508
0.159755215,0.7242819071000001,1337419340815015000,85.0088253,1,2459091.9193403,18.425804,ZTF20abfcszi,7.8063168,0.09385459
0.2001956403,0.8614966869,1337418864115015016,85.0088327,1,2459091.9188657,18.413925,ZTF20abfcszi,7.8061204,0.073026516
0.432907939,0.6646448970000001,1337414253915015005,-9.6141532,1,2459091.9142593,19.02674,ZTF20abowque,34.4748155,0.13229884
0.0048022745,0.6400056481,1336469320015015026,9.0740718,2,2459090.9693287,19.8746,ZTF20abrnwfc,32.6281366,0.12999654
0.0057939775,0.6187114716000001,1336386440015015008,9.0740402,1,2459090.8864468,19.522635,ZTF20abrnwfc,32.6281377,0.15714242
0.0417253301,0.5606282949,1335476500015015014,9.0740729,2,2459089.9765046,19.836123,ZTF20abrnwfc,32.6281321,0.14540815
0.0085518882,0.6312823892,1335441310015015025,9.0740759,2,2459089.9413194,19.894613,ZTF20abrnwfc,32.628111,0.13017872
0.028244638800000003,0.614957571,1335412320015015011,9.0740813,1,2459089.9123264,19.453705,ZTF20abrnwfc,32.628105,0.14458339
0.028244679800000002,0.6149573922,1335365200015015013,9.0740693,1,2459089.8652083,19.508432,ZTF20abrnwfc,32.6281391,0.15154159
0.0226294529,0.6225928664,1334514690015015006,9.0740785,1,2459089.0146991,19.29666,ZTF20abrnwfc,32.6281128,0.15277049
0.0703092143,0.8554341793,1334411494115015009,85.0088148,2,2459088.9114931,18.463518,ZTF20abfcszi,7.8062988,0.07043701000000001
0.0337735191,0.6737718582000001,1333472740015015011,9.0740688,1,2459087.9727431,19.503832,ZTF20abrnwfc,32.6281552,0.13787809
0.0645852387,0.8299655318,1333453410015015024,9.0741067,2,2459087.9534144,19.729532,ZTF20abrnwfc,32.6281319,0.14889869
0.3244995773,0.7048982382,1332504230015015022,9.0741004,1,2459087.0042361,19.426657,ZTF20abrnwfc,32.6281818,0.14127101
0.0869747102,0.6637816429000001,1332485060015015029,9.0740769,1,2459086.9850694,19.335878,ZTF20abrnwfc,32.6281588,0.09413391
0.20767717060000002,0.8243000507,1332453420015015021,9.0740567,2,2459086.9534259,19.721304,ZTF20abrnwfc,32.6281565,0.12388065000000001
0.2106444687,0.8165041804000001,1332395120015015022,9.0740745,2,2459086.8951273,19.828596,ZTF20abrnwfc,32.6281452,0.15499175
0.2482699305,0.6810842752,1331490760015015019,9.074114,2,2459085.9907639,19.770817,ZTF20abrnwfc,32.6281269,0.14201826
0.2513051927,0.6194581389,1331441230015015022,9.0740964,1,2459085.9412384,19.348083,ZTF20abrnwfc,32.6281167,0.10811525
0.2513689697,0.6202450395,1331408370015015013,9.0740791,1,2459085.9083796,19.424969,ZTF20abrnwfc,32.6281344,0.11818609999999999
0.4430575967,0.6615158319000001,1330425593915015007,-9.6141409,1,2459084.9255903,19.036205,ZTF20abowque,34.4748213,0.09267517
0.3646364808,0.7137197256000001,1329479430015015017,9.0740878,2,2459083.9794329,19.739147,ZTF20abrnwfc,32.6281297,0.20488209000000002
0.2455788553,0.6088283062000001,1328457450015015012,9.0740695,1,2459082.9574537,19.318357,ZTF20abrnwfc,32.628138,0.12505655000000002
0.2455789447,0.6088283062000001,1328380340015015057,9.0741143,1,2459082.8803472,19.440193,ZTF20abrnwfc,32.6281521,0.1385284
0.5009341836,0.659655571,1327479303915015006,-9.6141106,1,2459081.9793056,19.006313,ZTF20abowque,34.4748162,0.11533531500000001
0.1190003231,0.6476729512,1327438693915015008,-9.6141704,2,2459081.9386921,19.451385,ZTF20abowque,34.4747903,0.11463742
0.183971718,0.6670910716,1326448460015015029,9.0741072,1,2459080.9484606,19.328274,ZTF20abrnwfc,32.6281402,0.12467959
0.009473771800000001,0.7689634562000001,1325457830015015029,9.0741012,2,2459079.9578356,19.825563,ZTF20abrnwfc,32.6281226,0.13069852
0.0282750987,0.7656045556000001,1323485110015015025,9.0740707,2,2459077.9851157,19.784609,ZTF20abrnwfc,32.628134,0.14075008
0.6869344115,0.6454870701000001,1322481583915015012,-9.6141466,1,2459076.9815856,18.91419,ZTF20abowque,34.4748299,0.08826561000000001
0.010695967800000001,0.6979686022,1322473180015015011,9.0740947,1,2459076.9731829,19.365429,ZTF20abrnwfc,32.6281193,0.11477972
0.4746066332,0.8963268995,1322466014115015007,85.0088191,1,2459076.9660185,18.249178,ZTF20abfcszi,7.8064371999999995,0.058284927
0.0132865962,0.7011134624,1322461960015015014,9.0740986,1,2459076.9619676,19.408226,ZTF20abrnwfc,32.6281439,0.11988907
0.057768277800000004,0.7382443547,1322427010015015020,9.074146,2,2459076.9270139,19.893723,ZTF20abrnwfc,32.6281557,0.20074134
0.7999172807,0.6331136823,1322422323915015008,-9.614168,2,2459076.9223264,19.35221,ZTF20abowque,34.4748438,0.10610627
0.057768277800000004,0.7382443547,1322416580015015046,9.0740643,2,2459076.9165856,19.8325,ZTF20abrnwfc,32.6281272,0.15815099999999999
0.14166963100000002,0.8895421028,1322387904115015005,85.008808,2,2459076.8879051,18.385786,ZTF20abfcszi,7.8064412,0.07282489
0.0437814817,0.6847228408,1321477670015015017,9.0741044,2,2459075.9776736,19.785034,ZTF20abrnwfc,32.6281456,0.17466332
0.0595952682,0.6218509078000001,1321456790015015016,9.074097,1,2459075.956794,19.443338,ZTF20abrnwfc,32.6281559,0.1663683
0.0,0.0,1319451064115015006,85.0088399,2,2459073.9510648,18.425325,ZTF20abfcszi,7.8065271,0.057965595
0.40274682640000004,0.6004303694,1319424240015015011,9.0740898,1,2459073.9242477,19.358582,ZTF20abrnwfc,32.6281178,0.129028
0.3202521801,0.8889129162,1319335754115015004,85.0088713,1,2459073.8357523,18.245878,ZTF20abfcszi,7.8063859,0.056959156000000004
0.0569292717,0.7015691996,1319228110915015009,23.3724106,1,2459073.7281134,19.06018,ZTF20abjwvae,239.1072098,0.090176344
0.2571747601,0.7042198777,1319184980915015002,23.3723666,2,2459073.6849884,19.337187,ZTF20abjwvae,239.1072431,0.12140752
0.11262044310000001,0.6918218732,1318213170915015008,23.3724483,1,2459072.7131713,19.045473,ZTF20abjwvae,239.1072181,0.09287604
0.5997494459,0.6964969635,1318177300915015017,23.3724155,2,2459072.6773032,19.230013,ZTF20abjwvae,239.1072261,0.1668221
0.1184420511,0.7034294605,1317213410915015010,23.3724191,1,2459071.7134144,19.086061,ZTF20abjwvae,239.1072054,0.092868745
0.1012148187,0.6887550354,1316212220915015007,23.3724419,1,2459070.7122222,19.032234,ZTF20abjwvae,239.1071918,0.08114675
0.6383429766000001,0.8871263266,1315423660815015003,85.0088564,2,2459069.923669,18.36313,ZTF20abfcszi,7.806417,0.063007966
0.6640133262,0.8827130795,1315423194115015005,85.0088107,2,2459069.9231944,18.412968,ZTF20abfcszi,7.8060263,0.06676789
0.2379274815,0.9031283855000001,1315340784115015003,85.0088202,1,2459069.840787,18.276619,ZTF20abfcszi,7.8063433,0.058425102000000007
0.6186774373,0.7291269302000001,1315317540815015003,85.0088109,1,2459069.8175463,18.25694,ZTF20abfcszi,7.8064083,0.07346468
0.07041984800000001,0.6927691102,1315203360915015016,23.3724098,2,2459069.7033681,19.254133,ZTF20abjwvae,239.1072278,0.11075201
0.1361998022,0.8110935092,1315201962315015004,25.0013212,2,2459069.7019676,19.944384,ZTF20abefeab,235.0636247,0.17251524000000001
0.14528815450000002,0.6803600788,1315182652315015003,25.0013446,1,2459069.6826505,19.880163,ZTF20abefeab,235.06353,0.15254587
0.0865884274,0.6838219166,1315182180915015013,23.3724322,1,2459069.6821875,19.019793,ZTF20abjwvae,239.1072025,0.08165589
0.0636012703,0.6872171164,1314192280915015005,23.3724262,1,2459068.6922801,18.997505,ZTF20abjwvae,239.1071933,0.08641934400000001
0.0513360649,0.8459541202,1313199070915015005,23.3724336,1,2459067.6990741,18.975155,ZTF20abjwvae,239.1071794,0.08225405
0.0626671314,0.8709836602000001,1313182680915015023,23.372435199999998,2,2459067.6826852,19.15107,ZTF20abjwvae,239.1072241,0.12081884600000001
0.6779722571,0.8757621646,1312472374115015005,85.0088042,2,2459066.9723727,18.358887,ZTF20abfcszi,7.8066184,0.06262844000000001
0.7494730949,0.8808112144,1312457190815015002,85.0087841,2,2459066.9571991,18.45634,ZTF20abfcszi,7.8063867,0.073771894
0.0409199037,0.9025861621,1312379274115015000,85.0088429,1,2459066.8792708,18.267113,ZTF20abfcszi,7.8059185,0.08471774
0.8419598937,0.7329021692000001,1312378790815015003,85.0088381,1,2459066.8787963,18.347992,ZTF20abfcszi,7.8055578,0.07967327
0.0487257913,0.8240648508,1312240130915015009,23.3724209,2,2459066.7401389,19.160011,ZTF20abjwvae,239.1072062,0.12493794
0.0262298472,0.7925704718000001,1312226452315015002,25.0012966,2,2459066.7264583,19.769255,ZTF20abefeab,235.0637517,0.17982374
0.0497464165,0.6712978482,1312196110915015004,23.3724185,1,2459066.6961111,18.942038,ZTF20abjwvae,239.107212,0.10562772000000001
0.0198897049,0.687194407,1312184612315015001,25.0013252,1,2459066.6846181,19.66311,ZTF20abefeab,235.0637027,0.15129109000000002
0.0093218116,0.8289737701000001,1311184402315015003,25.0012788,2,2459065.6844097,19.556316,ZTF20abefeab,235.0637026,0.17859419
0.6903250813,0.6582228541,1310462683915015002,-9.6140112,1,2459064.9626852,18.971539,ZTF20abowque,34.4750137,0.19475052
0.8264137506,0.8594033718,1310416120815015003,85.0087969,2,2459064.9161227,18.518475,ZTF20abfcszi,7.8062233,0.08043362
0.0104396865,0.9064502716,1310415634115015001,85.008788,2,2459064.9156366,18.250546,ZTF20abfcszi,7.8063338,0.08065496
0.5549208522,0.8137670755,1309429734115015001,85.0087841,1,2459063.9297338,18.27396,ZTF20abfcszi,7.8066903,0.11114386
0.6347982883000001,0.8222910762000001,1309429250815015008,85.00883,1,2459063.9292593,18.292955,ZTF20abfcszi,7.8064641,0.098135866
0.007294999900000001,0.7087809443,1309237030915015003,23.37242,1,2459063.737037,18.974178,ZTF20abjwvae,239.1072309,0.12486637
0.3726884723,0.8644308448,1309181740915015004,23.3724303,2,2459063.6817477,19.34324,ZTF20abjwvae,239.1072104,0.17110568
0.0659074113,0.8101149797,1309181282315015004,25.0014068,2,2459063.6812847,19.866081,ZTF20abefeab,235.0636937,0.1851367
0.0747405589,0.7283648252,1308226882315015001,25.0013706,2,2459062.7268866,19.791462,ZTF20abefeab,235.0636321,0.21335642
0.0965583175,0.6757680774,1308207072315015004,25.0013293,1,2459062.7070718,19.556246,ZTF20abefeab,235.0637264,0.18729337000000001
0.1098188981,0.8996468782,1303468634115015006,85.0088726,2,2459057.9686343,18.56167,ZTF20abfcszi,7.8065063,0.07906255
0.39070031050000004,0.9012165070000001,1303407180815015007,85.0087898,1,2459057.9071875,18.37209,ZTF20abfcszi,7.8061504,0.054434627000000006
0.24470430610000002,0.8782392144000001,1303406704115015002,85.0088426,1,2459057.9067014,18.344425,ZTF20abfcszi,7.8068809,0.06973863400000001
0.4825328887,0.8972199559,1303359710815015001,85.0088366,2,2459057.8597106,18.477821,ZTF20abfcszi,7.8063936,0.0611001
0.14370340110000002,0.7987765074000001,1303257100915015004,23.3724495,1,2459057.7571065,18.971497,ZTF20abjwvae,239.1072307,0.07446433
0.1578554362,0.7190644741000001,1303246572315015004,25.0013108,1,2459057.7465741,19.606585,ZTF20abefeab,235.0637067,0.13637158
0.5032739639,0.7363472581,1303175282315015002,25.0013791,2,2459057.6752894,19.812523,ZTF20abefeab,235.0636377,0.16464199000000002
0.48719668390000004,0.8139898181,1303173860915015011,23.3724044,2,2459057.6738657,19.169271,ZTF20abjwvae,239.1072121,0.11602142500000001
0.2874155343,0.8879910111,1300451904115015001,85.0088252,1,2459054.9519097,18.430805,ZTF20abfcszi,7.8065008,0.057547588000000004
0.8195224404,0.8904382586,1300451430815015004,85.0088184,1,2459054.9514352,18.467806,ZTF20abfcszi,7.8064191,0.056491733
0.814073503,0.8805386424,1300410080815015004,85.0088518,2,2459054.910081,18.431065,ZTF20abfcszi,7.8065656,0.058330588
0.3344183564,0.8832902908,1300409594115015002,85.008825,2,2459054.9095949,18.535835,ZTF20abfcszi,7.8063109,0.07643964
0.2000830173,0.7727658153,1300195620915015012,23.3724254,2,2459054.695625,19.364508,ZTF20abjwvae,239.1072194,0.11484445
0.0,0.0,1299340100115015017,30.6920951,1,2459053.8401042,20.437647,ZTF18acaqdaa,262.0163976,0.18405017
0.1575048715,0.8556692004,1298291792315015002,25.0013168,1,2459052.791794,19.624933,ZTF20abefeab,235.0635978,0.11669005
0.2898863852,0.8968142867000001,1297405230815015007,85.0088343,2,2459051.9052315,18.493067,ZTF20abfcszi,7.8066171,0.05847739800000001
0.1334609836,0.8888539672,1297404744115015005,85.0088311,2,2459051.9047454,18.60473,ZTF20abfcszi,7.8062205,0.074983254
0.0,0.0,1297365775515015007,14.2043683,2,2459051.8657755,19.950296,ZTF19aapreis,314.262256,0.21212672
0.2866394222,0.7253482938,1297330784115015004,85.0088192,1,2459051.830787,18.483313,ZTF20abfcszi,7.8058765,0.074414015
0.7603898048000001,0.8520471454,1297330300815015003,85.008837,1,2459051.8303009,18.434303,ZTF20abfcszi,7.8064767,0.07103694
0.34087055920000003,0.6517715454,1296193570915015008,23.3724147,1,2459050.6935764,19.300404,ZTF20abjwvae,239.1072043,0.10467256
0.5625016689,0.7898945808000001,1295192162315015003,25.0013404,1,2459049.6921644,19.571196,ZTF20abefeab,235.0635718,0.13783127
0.6890502572,0.8608564734,1295183932315015002,25.001329,2,2459049.6839352,19.64162,ZTF20abefeab,235.0636119,0.118618526
0.22302478550000002,0.868709743,1294449684115015010,85.0088003,1,2459048.9496875,18.500517,ZTF20abfcszi,7.8064291,0.07426178500000001
0.15188622470000002,0.8922495246000001,1294449210815015007,85.0088303,1,2459048.949213,18.562868,ZTF20abfcszi,7.8062281,0.06500784
0.1049454808,0.9094589949,1294414010815015007,85.0088223,2,2459048.9140162,18.670303,ZTF20abfcszi,7.8058719,0.073448494
0.25368770960000003,0.8279274106000001,1294413534115015004,85.0088302,2,2459048.9135301,18.601221,ZTF20abfcszi,7.8066946,0.06693257
0.3700846732,0.6688874364,1293242510915015004,23.3724183,1,2459047.7425116,19.486216,ZTF20abjwvae,239.107219,0.12195399
0.4661918283,0.6298503280000001,1293214860915015012,23.3723937,2,2459047.7148611,19.627836,ZTF20abjwvae,239.1072254,0.13884626
0.16274930540000002,0.7622168064,1292229282315015005,25.0013288,1,2459046.7292824,19.513813,ZTF20abefeab,235.0635811,0.13832001
0.46145898100000005,0.8408371210000001,1292191882315015009,25.0013723,2,2459046.6918866,19.545803,ZTF20abefeab,235.0635823,0.12587023
0.4543276131,0.8395416737,1291455304115015003,85.0087972,1,2459045.9553009,18.63715,ZTF20abfcszi,7.8064354,0.08126438
0.3877317011,0.8767189980000001,1291454820815015006,85.0088175,1,2459045.9548264,18.632275,ZTF20abfcszi,7.8063911,0.06557201
0.0171702057,0.8319138288,1291353194115015005,85.0088476,2,2459045.8531944,18.749884,ZTF20abfcszi,7.8066689,0.08762533
0.3203253448,0.9081843495,1291352700815015003,85.0088108,2,2459045.8527083,18.764744,ZTF20abfcszi,7.8066413,0.07089326
0.5041773915000001,0.5753945708,1290195530915015009,23.3724274,1,2459044.6955324,19.638557,ZTF20abjwvae,239.1072097,0.105597384
0.29556837680000003,0.7482952476,1289212232315015004,25.0013048,1,2459043.7122338,19.423353,ZTF20abefeab,235.0636007,0.10050301
0.2982571423,0.8369699717,1288387394115015001,85.008866,2,2459042.8873958,18.822565,ZTF20abfcszi,7.8061436,0.06287459000000001
0.411795795,0.8568012118,1288386900815015003,85.0088374,2,2459042.8869097,18.686455,ZTF20abfcszi,7.8062752,0.07801529
0.23966702820000002,0.7026625872000001,1288337314115015006,85.0088107,1,2459042.8373148,18.700418,ZTF20abfcszi,7.8063917,0.08245013
0.8675056696000001,0.8000769615000001,1288324540815015004,85.0088728,1,2459042.8245486,18.625095,ZTF20abfcszi,7.8064892,0.07016494
0.0,0.0,1287225670115015022,30.6920711,1,2459041.7256713,20.331818,ZTF18acaqdaa,262.0163326,0.18653883000000002
0.3724975884,0.5412621498,1287212180915015019,23.372465,1,2459041.7121875,19.843805,ZTF20abjwvae,239.1072141,0.16089256
0.2399162054,0.8952014446000001,1286232212315015001,25.0013135,1,2459040.7322106,19.280134,ZTF20abefeab,235.0635959,0.10488164400000001
0.40319588780000004,0.8961378336,1286198042315015008,25.0013059,2,2459040.698044,19.369993,ZTF20abefeab,235.063588,0.09081079
0.6076595187,0.83005023,1285449610815015001,85.0088623,2,2459039.9496181,18.895538,ZTF20abfcszi,7.8061413,0.10580106
0.5835239291000001,0.667904079,1285347560815015005,85.0088032,1,2459039.8475694,18.753431,ZTF20abfcszi,7.8058441,0.09110524
0.25849121810000003,0.8253151774,1284467494115015004,85.0087862,1,2459038.9675,18.792725,ZTF20abfcszi,7.8055807,0.16173787
0.38865676520000003,0.8345119953,1284386774115015003,85.0088951,2,2459038.8867708,19.004763,ZTF20abfcszi,7.8069645,0.13940908
0.0,0.0,1284232410915015006,23.372435199999998,1,2459038.732419,20.463242,ZTF20abjwvae,239.1071744,0.21452949999999998
0.1936805844,0.8992058039,1283190322315015002,25.0013165,2,2459037.6903241,19.27529,ZTF20abefeab,235.0636119,0.10924965
0.7226529121,0.8091868162,1282479400815015002,85.0088539,1,2459036.9794097,18.73565,ZTF20abfcszi,7.8070384,0.15305078
0.7567859888,0.4851490557,1282366400815015004,85.0088538,2,2459036.8664005,19.098125,ZTF20abfcszi,7.8067212999999995,0.11572958
0.31020945310000003,0.7855395079,1281455134115015002,85.0087567,1,2459035.9551389,19.017933,ZTF20abfcszi,7.8054851,0.16698924
0.33096799250000003,0.7541509271,1281361114115015002,85.0088424,2,2459035.8611111,19.120958,ZTF20abfcszi,7.805928,0.15218948000000002
0.2519610524,0.7236856222,1280483814115015002,85.0088528,1,2459034.9838194,18.961193,ZTF20abfcszi,7.8064116,0.15279892
0.46513438220000003,0.6244701743000001,1280370064115015000,85.0087733,2,2459034.8700694,19.163162,ZTF20abfcszi,7.8053801,0.1981733
0.0887017399,0.8804925084,1280332882315015003,25.0013146,2,2459034.8328819,19.17503,ZTF20abefeab,235.0636838,0.15135378
0.07750339810000001,0.7157146335,1280195992315015003,25.0013365,1,2459034.6959954,19.028109,ZTF20abefeab,235.0637035,0.117568135
0.2218334377,0.63392663,1279365194115015002,85.008795,2,2459033.8651968,19.149221,ZTF20abfcszi,7.8063488,0.15356648
0.8946022391,0.6031216979,1279342110815015004,85.0088908,2,2459033.8421181,18.88597,ZTF20abfcszi,7.806181,0.12034095
0.8757965565,0.7003549337,1276483330815015007,85.0087716,2,2459030.9833333,19.103289,ZTF20abfcszi,7.8059709,0.15628788
0.0,0.0,1274338110115015025,30.6920836,1,2459028.8381134,20.452381,ZTF18acaqdaa,262.0164479,0.19842784
0.1277208775,0.8575340509,1274214052315015005,25.001357,2,2459028.7140509,19.14919,ZTF20abefeab,235.0636512,0.10969002
0.2128309608,0.7085946202000001,1274200182315015004,25.0013189,1,2459028.7001852,18.873873,ZTF20abefeab,235.0636315,0.08648437
0.6635705233,0.6781673431,1273390970815015006,85.0088308,2,2459027.8909722,19.35363,ZTF20abfcszi,7.8052,0.11460279
0.5982804894,0.6146877408,1273365970815015008,85.00887,1,2459027.8659722,19.436127,ZTF20abfcszi,7.8060455,0.10909713
0.1852851361,0.8482917547000001,1271232282315015007,25.0013201,1,2459025.7322801,18.952269,ZTF20abefeab,235.0636133,0.10353364
0.1878146231,0.8486991525,1271191812315015003,25.0013221,2,2459025.6918171,18.99407,ZTF20abefeab,235.0636289,0.10316009999999999
0.0,0.0,1270387664115015016,85.0088786,1,2459024.887662,19.320843,ZTF20abfcszi,7.8066167,0.12655324
0.6177215576,0.6094586253000001,1270361820815015010,85.0088942,1,2459024.8618287,19.466099,ZTF20abfcszi,7.8058456,0.18755586
0.0,0.0,1268343470115015022,30.6921517,1,2459022.8434722,20.369144,ZTF18acaqdaa,262.0163711,0.17720509
0.15101459620000002,0.6876898408000001,1268232652315015010,25.0013465,2,2459022.7326505,19.182226,ZTF20abefeab,235.0635838,0.107628606
0.1802440137,0.6934209466,1268203642315015008,25.0013197,1,2459022.7036458,18.95558,ZTF20abefeab,235.0635397,0.09627022
0.0,0.0,1266223770115015031,30.6921207,1,2459020.7237731,20.392996,ZTF18acaqdaa,262.0163893,0.21683283
0.1962487698,0.7863203883000001,1265291862315015009,25.0013169,1,2459019.7918634,18.968622,ZTF20abefeab,235.063597,0.0867698
0.5529618263,0.7998694777,1265232732315015003,25.0012877,2,2459019.7327315,19.204554,ZTF20abefeab,235.0635686,0.10524907
0.3939275742,0.58667624,1264481750815015003,85.0088603,2,2459018.9817593,19.553616,ZTF20abfcszi,7.8065578,0.16685694
0.4394699037,0.5532686114,1264394010815015006,85.0088789,1,2459018.8940162,19.632784,ZTF20abfcszi,7.8064564,0.14532948
0.0,0.0,1264339820115015024,30.6920987,1,2459018.8398264,20.323368,ZTF18acaqdaa,262.016356,0.20194374
0.3312528133,0.6790641546,1263188412315015009,25.0013426,2,2459017.6884144,19.296995,ZTF20abefeab,235.0635928,0.1015836
0.19620506470000001,0.7054433823,1262234052315015005,25.0013415,2,2459016.7340509,19.271948,ZTF20abefeab,235.0635887,0.10684879
0.46071910860000004,0.6322333217,1262202092315015003,25.0013206,1,2459016.7020949,18.99211,ZTF20abefeab,235.0635778,0.0869263
0.0,0.0,1261312080115015017,30.692099,1,2459015.8120833,20.360924,ZTF18acaqdaa,262.0163519,0.18681902
0.0,0.0,1260393800815015003,85.0088469,1,2459014.8938079,19.673866,ZTF20abfcszi,7.8071924,0.15608191
0.0,0.0,1258312990115015035,30.6920655,1,2459012.8129977,20.222832,ZTF18acaqdaa,262.0164384,0.17370175000000002
0.2656899095,0.6005728841,1258297082315015003,25.0013124,1,2459012.7970833,19.19865,ZTF20abefeab,235.0635316,0.102685235
0.4070996344,0.5618858337,1258254442315015007,25.001343,2,2459012.7544444,19.541405,ZTF20abefeab,235.0635521,0.09859134
0.0,0.0,1258246032915015013,53.997152,2,2459012.7460301,20.175287,ZTF18aakelin,208.4744634,0.16848221
0.0,0.0,1255251962315015002,25.0013307,1,2459009.7519676,19.469904,ZTF20abefeab,235.0635915,0.12969756
0.0,0.0,1246270382915015012,53.9971072,1,2459000.7703819,19.91935,ZTF18aakelin,208.4741881,0.20618726
0.0,0.0,1246268941615015010,53.9971561,1,2459000.7689468,20.022247,ZTF18aakelin,208.4741261,0.19257708
0.0,0.0,1244364020115015025,30.6921246,1,2458998.8640278,20.211926,ZTF18acaqdaa,262.0163689,0.19051014
0.0,0.0,1243217732915015010,53.9971273,1,2458997.7177315,19.903116,ZTF18aakelin,208.4742556,0.11846688
0.0,0.0,1243208361615015015,53.9971641,1,2458997.7083681,19.80649,ZTF18aakelin,208.4741055,0.16838333
0.0,0.0,1242330050115015021,30.6920837,1,2458996.8300579,20.284204,ZTF18acaqdaa,262.0164217,0.17042673
0.0,0.0,1242163870515010006,1.6927938,1,2458996.6638773,16.490656,ZTF18acpdvos,151.7119844,0.032703460000000004
0.0,0.0,1241322930115015022,30.6921629,1,2458995.8229398,20.29027,ZTF18acaqdaa,262.0163976,0.18366273
0.0,0.0,1240299752915015010,53.9971132,2,2458994.7997569,19.853176,ZTF18aakelin,208.4743733,0.13923083
0.0,0.0,1240245471615015020,53.9971613,1,2458994.7454745,19.94897,ZTF18aakelin,208.4740733,0.17899173000000002
0.0,0.0,1240244982915015021,53.9971438,1,2458994.7449884,19.737848,ZTF18aakelin,208.4743472,0.11501614
0.0,0.0,1238332020115015015,30.6921623,1,2458992.8320255,20.101816,ZTF18acaqdaa,262.0165149,0.20735282
0.0,0.0,1237320640115015014,30.6921131,1,2458991.8206481,20.159445,ZTF18acaqdaa,262.0163958,0.18568849999999998
0.0,0.0,1237311602915015010,53.9971222,1,2458991.8116088,19.734165,ZTF18aakelin,208.4743741,0.16086145000000002
0.0,0.0,1237309201615015014,53.9971628,1,2458991.8092014,19.90296,ZTF18aakelin,208.4740604,0.14854524
0.0,0.0,1237257472915015011,53.9972439,2,2458991.7574769,19.827362,ZTF18aakelin,208.4743809,0.1467321
0.0,0.0,1233410190115015025,30.692113,1,2458987.9101968,20.146015,ZTF18acaqdaa,262.0164186,0.15112521
0.0,0.0,1233224560015010000,45.592261,1,2458987.7245602,19.174536,ZTF18aahqkbt,123.8609807,0.1520205
0.0,0.0,1233214990515010024,1.6927884999999998,1,2458987.715,16.478724,ZTF18acpdvos,151.7119939,0.029844080000000002
0.0,0.0,1231422970115015026,30.6920621,1,2458985.9229745,20.381151,ZTF18acaqdaa,262.0163765,0.19496727
0.0,0.0,1231299672915015007,53.9971097,1,2458985.7996759,19.706318,ZTF18aakelin,208.4742748,0.1252897
0.0,0.0,1231201261615015012,53.9971607,1,2458985.7012616,19.91792,ZTF18aakelin,208.4740087,0.17131694
0.0,0.0,1227157770015010000,45.592206,1,2458981.6577778,19.068436,ZTF18aahqkbt,123.8609983,0.10794003
0.0,0.0,1225238332915015008,53.9971261,1,2458979.7383333,20.057455,ZTF18aakelin,208.4741894,0.19432358
0.0,0.0,1225210840515010015,1.6927926,1,2458979.7108449,16.481028,ZTF18acpdvos,151.7119931,0.03134725
0.0,0.0,1224178930015010002,45.59223,1,2458978.6789352,19.166803,ZTF18aahqkbt,123.8609429,0.10338069500000001
0.0,0.0,1222173950515010001,1.6927949999999998,1,2458976.6739583,16.481962,ZTF18acpdvos,151.7119929,0.030394515
0.0,0.0,1218218410015010000,45.5922568,1,2458972.7184144,18.922565,ZTF18aahqkbt,123.8609703,0.11384527
0.0,0.0,1216446460115015020,30.6920707,1,2458970.9464699,20.251055,ZTF18acaqdaa,262.0163381,0.16794978
0.2469960004,0.5789344311,1211219092015015015,46.9111432,1,2458965.7190972,20.210552,ZTF20aamqmfk,149.6392687,0.17568888
0.0,0.0,1210384350115015021,30.6921098,1,2458964.8843519,20.279308,ZTF18acaqdaa,262.0163789,0.17805818
0.0,0.0,1209245550515010016,1.6927944,1,2458963.7455556,16.462914,ZTF18acpdvos,151.7119912,0.033500966
0.0,0.0,1209190760515010014,1.6927948,1,2458963.6907639,16.493233,ZTF18acpdvos,151.711991,0.032267995
0.0,0.0,1209178990015010001,45.592208,1,2458963.6789931,19.228657,ZTF18aahqkbt,123.860953,0.10686834
0.0,0.0,1209173333915010000,34.2621779,1,2458963.6733333,20.238897,ZTF18aabtxvd,119.2273284,0.2018712
0.0,0.0,1209161360015010000,45.5922311,1,2458963.6613657,19.212135,ZTF18aahqkbt,123.8609536,0.11358868
0.0,0.0,1201184560515010021,1.6927902000000001,1,2458955.6845602,16.479912,ZTF18acpdvos,151.7119895,0.034958083
0.1299252957,0.6124030948,1200170702015015019,46.9112054,1,2458954.670706,19.987879,ZTF20aamqmfk,149.6389943,0.19063176
0.0,0.0,1190190845615015000,22.6482368,1,2458944.6908449,19.09041,ZTF17aaazdba,123.3207946,0.18901218
0.0,0.0,1186174690515010010,1.6927877,1,2458940.6746991,16.485970000000002,ZTF18acpdvos,151.7119938,0.03258999
0.0,0.0,1182492070115015023,30.6921044,1,2458936.9920718,20.188175,ZTF18acaqdaa,262.0163505,0.17053904
0.0338726565,0.6843482852,1182260052015015020,46.9112002,1,2458936.7600579,19.747738,ZTF20aamqmfk,149.6390461,0.12878259
0.0,0.0,1161527152015015006,47.5182814,2,2458916.0271528,19.930096,ZTF19accmaxo,284.7726705,0.19522797
0.0003186526,0.738211453,1161370252015015005,46.9112071,2,2458915.8702546,19.610197,ZTF20aamqmfk,149.6393152,0.18178412
0.0002249176,0.6602493525,1161206642015015007,46.911158,1,2458915.7066435,19.248434,ZTF20aamqmfk,149.6392032,0.2094895
0.0,0.0,1161199780015010000,45.5922172,1,2458915.6997801,19.277435,ZTF18aahqkbt,123.8609453,0.15316981
0.272867322,0.8140781522,1160517122815015002,33.0949101,2,2458915.0171296,20.260475,ZTF20aabqihu,232.8956208,0.16320868
0.0,0.0,1160499084315015006,55.4911775,1,2458914.9990856,20.333742,ZTF19aarioci,212.4245447,0.20551102000000002
0.0001382667,0.6537835598,1158261792015015009,46.9112231,1,2458912.761794,19.405355,ZTF20aamqmfk,149.6391976,0.12123711000000001
0.0,0.0,1158231220515010016,1.6927879,1,2458912.7312269,16.486473,ZTF18acpdvos,151.7119866,0.030222623
0.0013721583,0.6710327268,1158205462015015008,46.9112157,2,2458912.705463,19.837296,ZTF20aamqmfk,149.6391995,0.17032667
0.0,0.0,1158202140015010001,45.5921851,2,2458912.7021412,19.703653,ZTF18aahqkbt,123.8609238,0.18204927
0.0,0.0,1158137980015010000,45.5922325,1,2458912.6379861,19.266853,ZTF18aahqkbt,123.8608757,0.13681462
0.0,0.0,1155234940515010032,1.6927842,1,2458909.7349421,16.468166,ZTF18acpdvos,151.7119822,0.04028563
0.0,0.0,1155214155615015001,22.6482538,1,2458909.7141551,19.13993,ZTF17aaazdba,123.3208428,0.17765293000000001
0.0,0.0,1155192450015010002,45.5922138,1,2458909.6924537,19.180288,ZTF18aahqkbt,123.8608485,0.12863904
0.0,0.0,1155187160015010001,45.5921027,1,2458909.6871644,19.118937,ZTF18aahqkbt,123.8608892,0.13689102
0.0,0.0,1149540014315015013,55.49115,1,2458904.0400116,20.211243,ZTF19aarioci,212.4244425,0.13488093
0.391119957,0.8074290156,1149527452815015003,33.0948698,1,2458904.0274537,20.024088,ZTF20aabqihu,232.8955894,0.1548194
0.4144395292,0.8746500015,1149519652815015000,33.094904,2,2458904.0196528,20.012484,ZTF20aabqihu,232.8957518,0.16276582
0.0,0.0,1149268580015010000,45.5921994,1,2458903.768588,19.125868,ZTF18aahqkbt,123.8609486,0.08580481
0.0,0.0,1149243393915010000,34.2621378,1,2458903.7433912,19.951986,ZTF18aabtxvd,119.2273073,0.13770546
0.004599486000000001,0.791036725,1149220752015015013,46.911167,2,2458903.7207523,19.905445,ZTF20aamqmfk,149.6390077,0.16749127
0.0,0.0,1149184430015010000,45.5922252,2,2458903.6844329,19.873531,ZTF18aahqkbt,123.8608119,0.17193353
0.0,0.0,1146556132015015001,47.5183261,1,2458901.0561343,20.152348,ZTF19accmaxo,284.7727735,0.21314025
0.0017457469000000001,0.6126002073,1146312092015015020,46.9111895,1,2458900.8120949,19.576433,ZTF20aamqmfk,149.6390295,0.18135168000000002
0.0,0.0,1146298983915010000,34.2621036,1,2458900.7989815,20.054802,ZTF18aabtxvd,119.227245,0.18636465
0.0047525507,0.7661714554,1146234512015015012,46.911185,2,2458900.7345139,19.892984,ZTF20aamqmfk,149.6391286,0.15957488
0.0,0.0,1145529754315015011,55.4911596,1,2458900.0297569,20.237682,ZTF19aarioci,212.4244415,0.15901969999999999
0.0037659290000000003,0.5922943354,1145359342015015025,46.9112187,1,2458899.8593403,19.623617,ZTF20aamqmfk,149.6390962,0.14641054
0.006428909500000001,0.7607448101000001,1145292402015015005,46.9111899,2,2458899.7924074,20.154963,ZTF20aamqmfk,149.6390247,0.15640424
0.9491719604000001,0.8688471317,1133532412815015000,33.0949147,2,2458888.032419,19.754976,ZTF20aabqihu,232.8957246,0.17873314
0.9881625772,0.8811422586000001,1130542772815015002,33.0948862,2,2458885.0427778,19.357027,ZTF20aabqihu,232.8957328,0.16043039
0.7874633670000001,0.7471209168,1130467222815015001,33.0948747,1,2458884.9672222,19.730736,ZTF20aabqihu,232.8957079,0.21589358
0.0,0.0,1129418100515010031,1.692774,1,2458883.9181019,16.512854,ZTF18acpdvos,151.7119989,0.030316675
0.0,0.0,1129232375615015000,22.6483658,2,2458883.7323727,18.842455,ZTF17aaazdba,123.3207756,0.1520171
0.0,0.0,1113397630515010034,1.6927927,1,2458867.8976389,16.47715,ZTF18acpdvos,151.7119956,0.032114316000000004
0.0,0.0,1113392450015010000,45.5922496,1,2458867.8924537,19.094973,ZTF18aahqkbt,123.8609422,0.08525412
0.0,0.0,1113391523915010000,34.2621673,1,2458867.8915278,20.089748,ZTF18aabtxvd,119.2272867,0.18756223
0.0,0.0,1113230981615015007,-10.2263931,2,2458867.7309838,19.00298,ZTF19abzrhgq,71.6578516,0.10603574
0.0,0.0,1113188211615015009,-10.2263976,1,2458867.6882176,19.178799,ZTF19abzrhgq,71.6577802,0.11873586500000001
0.7165327072000001,0.6582843065,1112547872015015000,33.1658991,1,2458867.0478704,19.346909,ZTF19acspeuw,189.7348426,0.11718968
0.0,0.0,1109147901615015014,-10.2263882,1,2458863.6479051,19.424862,ZTF19abzrhgq,71.6577722,0.14388748
0.0,0.0,1106208351615015003,-10.226368,2,2458860.7083565,18.797455,ZTF19abzrhgq,71.6579307,0.18493804
0.0,0.0,1106168091615015001,-10.226371,2,2458860.6680903,18.75024,ZTF19abzrhgq,71.6577707,0.10273456600000001
0.2518655956,0.6845700741,1101508052015015006,33.1658577,1,2458856.0080556,19.111338,ZTF19acspeuw,189.734642,0.08689241
0.0,0.0,1101459910515010024,1.6927900999999999,1,2458855.959919,16.51838,ZTF18acpdvos,151.7119946,0.019551193
0.0,0.0,1101441990015010021,45.5922454,1,2458855.9419907,19.256147,ZTF18aahqkbt,123.8609669,0.08414438
0.0,0.0,1100492290015010011,45.5921832,1,2458854.9922917,19.09716,ZTF18aahqkbt,123.861072,0.10973805
0.6471126676,0.7842468023,1098547412015015001,33.1658864,2,2458853.047419,19.294035,ZTF19acspeuw,189.7347712,0.096940175
0.5005521774,0.7973539233,1098536572015015003,33.1658614,1,2458853.0365741,19.218792,ZTF19acspeuw,189.7347209,0.08764443
0.0,0.0,1098482390515010030,1.6927911999999998,1,2458852.9823958,16.503418,ZTF18acpdvos,151.7119904,0.040278114000000004
0.0,0.0,1098465240015010001,45.5922435,1,2458852.9652431,19.07885,ZTF18aahqkbt,123.8609542,0.07418414
0.0,0.0,1098462933915010000,34.2621295,1,2458852.9629398,20.037933,ZTF18aabtxvd,119.2273159,0.19068441
0.0,0.0,1096509522815015001,33.0948188,2,2458851.0095255,19.70857,ZTF20aabqihu,232.8956994,0.20085204
0.0,0.0,1096430100015010007,45.5921742,1,2458850.9301042,19.104612,ZTF18aahqkbt,123.8609169,0.09676582
0.54263556,0.7222463489000001,1092550762015015009,33.1658727,1,2458847.0507639,18.992403,ZTF19acspeuw,189.7347363,0.07425856
0.0,0.0,1092547081415015001,8.5678216,1,2458847.0470833,20.476648,ZTF18acnbpmd,197.6899251,0.2110326
0.0,0.0,1092486280015010001,45.5922091,1,2458846.9862847,19.069084,ZTF18aahqkbt,123.860934,0.07336485
0.0,0.0,1092485383915010000,34.2620731,1,2458846.9853819,20.030884,ZTF18aabtxvd,119.2274014,0.18093252
0.0,0.0,1082550470515010037,1.6927884999999998,1,2458837.0504745,16.484825,ZTF18acpdvos,151.7119952,0.02133147
0.6971380711,0.7821524143,1081485392015015001,33.1659281,2,2458835.9853935,18.851103,ZTF19acspeuw,189.7349488,0.11650829
0.0,0.0,1081441345615015003,22.6482863,2,2458835.9413426,18.668858,ZTF17aaazdba,123.320678,0.13758202
0.534884274,0.6594545245,1079495552015015000,33.1659072,2,2458833.9955556,18.697056,ZTF19acspeuw,189.7348907,0.1380098
0.0,0.0,1079400450015010000,45.5922181,2,2458833.9004514,19.479696,ZTF18aahqkbt,123.8610846,0.21617988
0.786965549,0.7713310122,1079324741615015006,-10.2263984,2,2458833.8247454,18.241674,ZTF19abzrhgq,71.6579045,0.09465795
0.1171743497,0.7587803602000001,1079250761615015005,-10.2264027,2,2458833.7507639,18.240479,ZTF19abzrhgq,71.6578239,0.06998567
0.9535650611,0.7099099159000001,1079208401615015006,-10.2264089,1,2458833.7084028,18.234262,ZTF19abzrhgq,71.6577578,0.10046396
0.5907810926,0.6742002964,1077550312015015001,33.1658516,1,2458832.0503125,18.604818,ZTF19acspeuw,189.7349987,0.13240896
0.0,0.0,1076548870515010004,1.6927906,1,2458831.0488773,16.513382,ZTF18acpdvos,151.7119975,0.030603275000000003
0.9621421695000001,0.7644596100000001,1076251141615015001,-10.2263881,2,2458830.7511458,18.050482,ZTF19abzrhgq,71.6578518,0.08587606
0.5283575654,0.6920772791,1074551072015015000,33.1659162,1,2458829.0510764,18.355913,ZTF19acspeuw,189.7348935,0.10790763
0.0,0.0,1073549690215015021,22.6482581,1,2458828.0496991,19.261042,ZTF17aaazdba,123.3206988,0.14581051
0.0,0.0,1069430490015010000,45.5922317,1,2458823.9304977,18.961294,ZTF18aahqkbt,123.8609764,0.2149118
0.7965680361,0.8053144813,1066229981615015003,-10.2263297,1,2458820.7299884,17.913778,ZTF19abzrhgq,71.6577927,0.13008116
0.0,0.0,1058435905615015000,22.6483599,1,2458812.9359028,18.696634,ZTF17aaazdba,123.320678,0.120123036
0.2091719955,0.8719866276,1058332631615015009,-10.2263265,1,2458812.8326389,17.694763000000002,ZTF19abzrhgq,71.6578155,0.054027166
0.2623302639,0.6998270750000001,1058273801615015011,-10.2263435,2,2458812.7738079,17.526686,ZTF19abzrhgq,71.6578333,0.06477322
0.8209038377000001,0.887240231,1052372551615015004,-10.2263423,1,2458806.8725579,17.44926,ZTF19abzrhgq,71.657843,0.062369560000000004
0.8853799105,0.7062478065000001,1052316871615015008,-10.2263572,2,2458806.816875,17.314781,ZTF19abzrhgq,71.6578278,0.051945888
0.4385838211,0.6360196471,1051525562015015000,33.1658766,1,2458806.0255671,18.85257,ZTF19acspeuw,189.7348634,0.13390014
0.0,0.0,1050496870015010000,45.5921975,1,2458804.996875,19.031588,ZTF18aahqkbt,123.8609437,0.15657678
0.0,0.0,1050473860015010001,45.5922338,1,2458804.9738657,19.178314,ZTF18aahqkbt,123.8608237,0.19436263
0.9473116994,0.7196042538,1049314091615015006,-10.2263576,2,2458803.8140972,17.192717,ZTF19abzrhgq,71.6578554,0.044175256
0.9402091503000001,0.7701362967000001,1049225811615015020,-10.2264157,1,2458803.7258102,17.270205,ZTF19abzrhgq,71.6578011,0.13968855
0.0,0.0,1048551632015015000,33.165851,1,2458803.0516319,19.015257,ZTF19acspeuw,189.7349329,0.18044385000000002
0.1551140249,0.6639629602,1047093312015015001,47.5181816,1,2458801.5933102,19.405731,ZTF19accmaxo,284.7728922,0.20491433
0.9640868902,0.7835327387000001,1046235561615015041,-10.2263368,1,2458800.7355671,17.206121,ZTF19abzrhgq,71.657816,0.06814551
0.0,0.0,1044548260015010000,45.5922468,1,2458799.0482639,19.107742,ZTF18aahqkbt,123.8609801,0.11390147
0.1959154159,0.6780733466000001,1043134522015015003,47.5182228,1,2458797.6345255,19.326462,ZTF19accmaxo,284.773052,0.19328524
0.0,0.0,1042546770215015007,22.6484115,1,2458797.0467708,18.946436,ZTF17aaazdba,123.3206598,0.13205934
0.7578628659000001,0.8700909615,1042319171615015005,-10.2263402,2,2458796.8191782,16.941034,ZTF19abzrhgq,71.6578666,0.049422648000000007
0.0,0.0,1040545865615015002,22.6482898,1,2458795.0458681,18.675814,ZTF17aaazdba,123.3206806,0.08980312
0.2605646253,0.7747759819000001,1040132182015015001,47.5182617,1,2458794.6321875,19.197992,ZTF19accmaxo,284.7730174,0.14470942
0.5147488117,0.8217657804,1040097972015015003,47.518263,2,2458794.5979745,19.336964,ZTF19accmaxo,284.7729998,0.13646318
0.2632131875,0.7079172134,1039471841615015003,-10.2263602,2,2458793.9718403,16.833694,ZTF19abzrhgq,71.657848,0.04065912
0.9595124722,0.7418789864,1039350301615015007,-10.2263461,1,2458793.8503009,16.957104,ZTF19abzrhgq,71.6578304,0.04341399
0.0,0.0,1037525315615015000,22.6482924,1,2458792.0253125,18.348501,ZTF17aaazdba,123.320652,0.13345891000000001
0.0,0.0,1037524860215015010,22.648249,1,2458792.0248611,18.73905,ZTF17aaazdba,123.3206215,0.09851108500000001
0.5054562688,0.7209203243000001,1037130242015015005,47.5182516,1,2458791.6302431,19.468023,ZTF19accmaxo,284.7729759,0.13502537
0.6150686145,0.7565428615,1037098482015015002,47.5182572,2,2458791.5984838,19.479977,ZTF19accmaxo,284.7729579,0.12932783
0.0,0.0,1036545505615015000,22.648299,1,2458791.0455093,18.663319,ZTF17aaazdba,123.3206744,0.11583529000000001
0.0,0.0,1036541503915010000,34.2619999,1,2458791.0415046,20.12168,ZTF18aabtxvd,119.2272695,0.21362606
0.937099278,0.7326527834000001,1036369021615015007,-10.2263521,2,2458790.8690278,16.685205,ZTF19abzrhgq,71.657853,0.04133172
0.7768951654,0.8362495899,1036335061615015014,-10.2263355,1,2458790.8350694,16.837486,ZTF19abzrhgq,71.6578431,0.042781852
0.0,0.0,1035504590515010016,1.6927835999999998,1,2458790.0045949,16.49312,ZTF18acpdvos,151.7119965,0.034790285000000004
0.0,0.0,1035458370015010012,45.5921395,1,2458789.9583796,18.473469,ZTF18aahqkbt,123.86097409999999,0.13782506
