objId,alertId,type,nb_points,norm,ref_time,amplitude,rise_time,temperature,r_chisq,err_ref_time,err_amplitude,err_rise_time,err_temperature,std_flux_g,std_flux_r,std_snr_g,std_snr_r,sigmoid_dist,snr_rise_time,snr_amplitude,data_origin
ZTF17aaazdba,ZTF17aaazdba-10,TDE,10,46619.1552780988,58685.58502736456,9.99996484433305,66.07927712996566,4411.016186489352,117.86719879413509,9.467083022000335,1.9315890420816093,3.2198360527873344,150.69669698190137,0.3711673033416926,0.2793877409083812,4.606394331714753,3.21914539412376,-2.183701950624326,20.522559548571557,5.17706646003563,tdes_ztf
ZTF17aaazdba,ZTF17aaazdba-11,TDE,11,46619.1552780988,58664.67845674677,9.999988284824479,60.928386805957864,4235.185043066538,106.63029402604805,7.477986836654142,1.2447924539450268,2.7497588074995374,132.8896469620786,0.3711673033416926,0.29334089403405306,4.606394331714753,4.5252268065578525,-1.992632216461235,22.15772039343422,8.033458311168477,tdes_ztf
ZTF17aaazdba,ZTF17aaazdba-12,TDE,12,46619.1552780988,58653.46437901225,9.999999896412927,57.796855449008575,4157.625288044496,95.25376829935307,6.323697410260895,0.8277444750748582,2.504003409166557,124.664367739118,0.3711673033416926,0.2960419506411994,4.606394331714753,5.5844323320808025,-1.8390592963315942,23.081779855981075,12.08102282471721,tdes_ztf
ZTF17aaazdba,ZTF17aaazdba-13,TDE,13,46619.1552780988,58643.02655620001,9.999999999999996,54.704711816050306,4092.1398326961153,86.90376978632611,5.395140035743745,0.6234196754989441,2.3221714080949307,118.3861619948782,0.3711673033416926,0.2969040917782828,4.606394331714753,7.680335561030469,-1.7521995257440999,23.5575684143528,16.04055886108608,tdes_ztf
ZTF17aaazdba,ZTF17aaazdba-14,TDE,14,50371.072738147486,58534.135559003385,3.2791805926009583,2.939406959845214,14379.949041941427,37.33609027668946,0.22165247380090713,0.4203515807919852,0.19067417807854461,982.4719108340278,0.3443038718621308,0.27478902482916856,9.185438053995277,7.6803355610304695,4.474812564652332,15.41586275323752,7.801042609195493,tdes_ztf
ZTF17aaazdba,ZTF17aaazdba-15,TDE,15,52187.92144513049,58534.13153978116,3.152573823645006,2.9378257914211265,14352.351249357716,33.94230026837678,0.2167275687436031,0.36272711829669385,0.19024982344426725,898.7943109006992,0.3280112052622804,0.26522263339932595,8.855924595909027,7.6803355610304695,4.4789002659887664,15.441937018573624,8.691309981037447,tdes_ztf
ZTF17aaazdba,ZTF17aaazdba-16,TDE,16,61654.72996881436,58534.816330306254,2.2116598142023443,3.4976234898700365,12345.627605820317,40.02113241003189,0.2843560629912045,0.17966188028161198,0.24573199378082117,611.044570251891,0.27764654912946735,0.2646233697148518,8.855924595909029,8.790363838895884,6.1108690674475925,14.233488428005495,12.31012283037262,tdes_ztf
ZTF17aaazdba,ZTF17aaazdba-19,TDE,19,76515.53161662752,58538.858313517834,2.249494312717458,5.980677678178858,12296.461198339262,39.48374125891553,0.5790830084555108,0.17749679618814232,0.31532448660858264,532.2260198966605,0.27299466938199174,0.23973100632232278,8.840185489722447,9.353124596528525,3.7319967039110282,18.96674039654513,12.67343614660542,tdes_ztf
ZTF17aaazdba,ZTF17aaazdba-20,TDE,20,77491.13107812419,58540.195714072404,2.704483818955733,6.546670053556612,13266.429803520376,37.87132731686273,0.5018424561722507,0.19559168400065077,0.27399551933283217,553.5116340817158,0.29157333033274485,0.23671283588890477,10.947867645129275,9.353124596528524,3.2131498235899376,23.89334712296568,13.827192259087738,tdes_ztf
ZTF18aakelin,ZTF18aakelin-12,TDE,12,1310.6079560070464,58968.002215163215,1.8125083424588786,6.285460574214791,9828.028393637001,0.4240736029641369,2.7079033995935795,0.3444233782577427,3.9874490827813953,1710.332802709484,0.15431839774846914,0.010508260225644328,1.6407142109836506,0.1993279801053869,4.646620974258049,1.5763111813406396,5.262442844697151,tdes_ztf
ZTF18abxftqm,ZTF18abxftqm-6,TDE,6,1477.0663353378193,58393.85851940842,9.996278064089347,5.211131373078652,9466.484404339655,0.46372612118487916,2.9165454451864763,6.374639137746753,1.45896620562858,4031.1455669376137,0.22751463551686044,0.0,0.43847329637446103,0.0,-1.62704386076926,3.571797175955486,1.5681323833528775,tdes_ztf
ZTF18abxftqm,ZTF18abxftqm-9,TDE,9,4100.518730282196,58390.97654671928,2.6985180599821486,4.970683113722697,10696.824100200512,0.26041326662645986,2.5957257351085774,0.8439694160935413,0.8900995381727721,2948.5905262342267,0.28169136373392584,0.15476063182772298,3.7661771476304367,0.280471721580275,1.284150676014817,5.584412642126174,3.1974121437631084,tdes_ztf
ZTF18abxftqm,ZTF18abxftqm-10,TDE,10,4512.113338160538,58390.441840298045,2.4996402574016696,4.814812072529041,11294.596362656772,0.23020458243454048,1.4323667082145788,0.8317556739670278,0.6316537923884472,2326.5437876108354,0.2559955006849611,0.3758827365895751,3.7661771476304367,7.645226484658108,6.826030322070247,7.6225491409194035,3.005257836691066,tdes_ztf
ZTF18abxftqm,ZTF18abxftqm-11,TDE,11,4512.113338160538,58390.297047892236,2.5304002367654617,4.769739193202852,11516.396585061857,0.284803519548978,1.3938166088991608,0.8683922210845997,0.6231559512810761,2393.222174553862,0.2559955006849611,0.37832460975970533,3.7661771476304367,6.763162966977509,7.538708690587103,7.654166157600329,2.9138909531053336,tdes_ztf
ZTF18abxftqm,ZTF18abxftqm-12,TDE,12,4812.717833253743,58390.0146944489,2.1995396509609275,4.664632899397049,11012.419835350482,0.2599348150858258,0.9246606643836057,0.39558405697355764,0.49040344547070064,1336.1419042544858,0.3178397032363507,0.35469428647078255,4.290631215716667,6.763162966977508,7.784268930556587,9.511827338243569,5.560233311192198,tdes_ztf
ZTF18actaqdw,ZTF18actaqdw-12,TDE,12,1718.2011287351995,58449.8825105086,3.0258511271366664,11.48509967978479,13793.39863022853,0.27962854206485843,5.695859138127081,1.42781660834696,7.205411019648457,4411.676860356389,0.04547975656426416,0.1728539056281417,3.1638768448941916,0.7095423254504023,3.2475825139988324,1.5939548276241338,2.119215527713895,tdes_ztf
ZTF18actaqdw,ZTF18actaqdw-13,TDE,13,1718.2011287351995,58451.52131255034,2.710334967848339,12.467045897937627,12541.019387929691,0.27021118217397044,4.565965772815376,0.866204652260056,7.233423806233254,2546.5295279119136,0.04547975656426416,0.1792430038797301,3.1638768448941916,1.4850335158125754,2.866068485050879,1.723533174870026,3.1289776160595237,tdes_ztf
ZTF18actaqdw,ZTF18actaqdw-14,TDE,14,1718.2011287351995,58451.06443498147,2.5287685323264464,11.001465955755842,12273.640556565399,0.29582841866277526,4.0893828654302276,0.7077049320567009,5.436490184848821,2413.2339602273505,0.041954713527782586,0.1792430038797301,2.8904856426500194,1.4850335158125754,3.645696608055983,2.02363392219787,3.57319614119044,tdes_ztf
ZTF18actaqdw,ZTF18actaqdw-15,TDE,15,1718.2011287351995,58450.59749217999,2.61473834622016,10.67477485618212,12654.054802291963,0.2778441653032205,3.898414025720416,0.7367240359224361,5.198325691645782,2303.704646999722,0.041954713527782586,0.17396445920641843,2.8904856426500194,1.4758978210052105,3.8058631556403006,2.053502510113502,3.549142173631275,tdes_ztf
ZTF18actaqdw,ZTF18actaqdw-16,TDE,16,1718.2011287351995,58450.56642201759,2.541172690724639,10.169128022421932,12512.202307101436,0.26942696895226287,3.783876287075448,0.6757917879360272,4.615363372670826,2236.422578067157,0.0388437844095597,0.17396445920641843,2.7175968668355868,1.4758978210052105,4.392978049218983,2.2033212125044974,3.760289391035327,tdes_ztf
ZTF18actaqdw,ZTF18actaqdw-17,TDE,17,1718.2011287351995,58450.54608775497,2.4091596648108977,9.077412392862588,12265.516811710697,0.3311130272862275,3.503129346318716,0.5971792199862118,3.5926603755439523,2138.389390857209,0.048247125409361845,0.17396445920641843,2.6297911736380226,1.4758978210052105,6.461012071117869,2.5266547471769325,4.034232244160342,tdes_ztf
ZTF19aabbnzo,ZTF19aabbnzo-10,TDE,10,3421.889648519523,58489.45371979095,4.558713705701358,6.328445651739205,16923.775578727927,0.17703914783780808,1.9350517689705173,2.708962071231864,1.4078428749894198,4956.369971886892,0.24906315189396933,0.20288986555162658,3.1466012146924323,1.9406559243056718,2.813378448516157,4.495136328183473,1.68282670108716,tdes_ztf
ZTF19aabbnzo,ZTF19aabbnzo-11,TDE,11,3421.889648519523,58488.75795189683,3.7497781296161836,5.9878630668819355,15658.22738473807,0.19074579950705497,1.202762911859679,1.6011703485840496,1.1613638248085887,3653.0455707850724,0.2588279496629032,0.20288986555162658,3.7832230191425427,1.9406559243056718,3.2476437730394223,5.155889083999005,2.341898307654895,tdes_ztf
ZTF19aabbnzo,ZTF19aabbnzo-12,TDE,12,3421.889648519523,58488.736159802545,3.7989637777845875,5.981000603734482,15783.332590862612,0.16731553811502436,1.1382581055527825,1.452628138590453,1.1483919595593173,3107.019982051359,0.2588279496629032,0.19645136402340221,3.7832230191425427,3.0334125981358375,3.258649729192181,5.20815262937719,2.615234881427317,tdes_ztf
ZTF19aabbnzo,ZTF19aabbnzo-13,TDE,13,3421.889648519523,58488.633755907074,4.032456684247886,5.937706931234221,16363.61425255326,0.1797324763280888,1.118183524017126,1.6207013165366222,1.135285930353718,3270.6216893233513,0.2588279496629032,0.18397999746633442,3.7832230191425427,2.9280296623133224,3.3048740734417827,5.230142268550995,2.488093668526841,tdes_ztf
ZTF19aabbnzo,ZTF19aabbnzo-14,TDE,14,3421.889648519523,58488.36582380762,3.635239351510589,5.770452387310022,15635.388401176442,0.18551913697967892,0.9299646374302697,1.132451591433452,1.0356664728845901,2577.6185103059543,0.2589131970158161,0.18397999746633442,4.339857043735708,2.9280296623133224,3.954157587797316,5.571728484400841,3.2100615858635684,tdes_ztf
ZTF19aabbnzo,ZTF19aabbnzo-15,TDE,15,3421.889648519523,58488.248821161425,3.95596294522218,5.680805975211611,16441.953516378664,0.22385248606258026,0.9040645423476947,1.2786570674817264,0.9978042605769989,2685.075042033226,0.2589131970158161,0.17235838037223344,4.339857043735708,2.982424500969884,4.039850126708605,5.6933069938252014,3.0938420048882387,tdes_ztf
ZTF19aakswrb,ZTF19aakswrb-8,TDE,6,3456.845741573623,58530.942685457565,3.538803130645456,2.964782424672936,15483.571768601116,0.21780882940965202,2.952161630587474,1.9179658736907987,1.8293973436457247,4643.9743921594,0.3482478670437762,0.04936549234901577,2.605168882689229,3.038954590002192,5.556525330618431,1.6206333932706782,1.845081385017363,tdes_ztf
ZTF19aakswrb,ZTF19aakswrb-9,TDE,7,3456.845741573623,58531.54346450253,3.201035529212366,3.339209858157759,14480.58391133015,0.24151349999701052,2.4844232161404043,1.4032959030348293,1.4831815794354406,3541.176555327378,0.3482478670437762,0.06471851780448082,2.605168882689229,2.4939468373242426,4.784809962925865,2.2513830433552164,2.281083784460331,tdes_ztf
ZTF19aapreis,ZTF19aapreis-5,TDE,5,7267.107757350108,58587.16478432079,2.427181377573259,9.439725411171954,11014.844558557632,0.15995858222590836,4.034460295463319,0.5061553986521132,3.872478440768033,1675.7404895380841,0.0,0.2013074180299252,0.0,3.4175442863506733,2.1526646162128174,2.437644406691587,4.7953284387301185,tdes_ztf
ZTF19aapreis,ZTF19aapreis-6,TDE,6,7267.107757350108,58585.78548271184,2.137080063809666,7.892786186650681,10589.014855356741,0.5504217520181982,2.3296518371829493,0.3013682370147455,2.291395811218584,1438.1247381267922,0.011775910307950277,0.2013074180299252,0.7893820522227752,3.4175442863506733,4.013451959680306,3.4445319957415954,7.091258471625534,tdes_ztf
ZTF19aapreis,ZTF19aapreis-7,TDE,7,7267.107757350108,58584.727274436176,2.285243081805396,6.842197191529771,11449.605963004524,0.6118401258964278,1.649300897419869,0.3581073267376663,1.59589560139511,1280.4229676716568,0.011775910307950277,0.19163430577759014,0.7893820522227752,3.1442894071183622,6.383323008829316,4.287371420504209,6.381447435392643,tdes_ztf
ZTF19aarioci,ZTF19aarioci-5,TDE,5,4978.535405307623,58599.946140216394,5.349052710839256,2.9633112874135867,18339.420766675976,0.13454134914203655,1.4219639373249087,2.6138224158890986,0.8235206759748379,4886.283405804126,0.37986277273244506,0.2248235283064507,6.492937118542849,4.377345740232291,2.186647184539971,3.598344733610706,2.046448403810081,tdes_ztf
ZTF19aarioci,ZTF19aarioci-6,TDE,6,4978.535405307623,58600.3215358359,5.056117733357549,3.1655677892955874,17543.45604000843,0.10815175382601872,0.8792591159525267,2.156917465932923,0.520899498052867,3604.4375762146747,0.37986277273244506,0.24607434365665626,6.492937118542849,4.274572984062734,3.765028379596371,6.077118141078164,2.3441405678314386,tdes_ztf
ZTF19aarioci,ZTF19aarioci-7,TDE,7,5184.86675489031,58599.91462906543,3.9764846078333482,2.960374679890707,16212.915954044576,0.29639439693031366,0.6506141199533327,1.2228739405099647,0.4344500935023326,2674.5384645646736,0.3536391072708416,0.23628183522305693,6.198115452726123,4.274572984062734,4.178189105070654,6.8140730642398,3.251753493230111,tdes_ztf
ZTF19aarioci,ZTF19aarioci-8,TDE,8,5184.86675489031,58600.426122078126,3.389414568057525,3.262863314911749,14554.86469205366,0.7936811024613787,0.6034844893624962,0.7621655575390001,0.4101699561094113,1796.2346188979318,0.3536391072708416,0.2523055567853757,6.198115452726123,4.248208890443476,4.829879526320628,7.9549056831490415,4.44708440906435,tdes_ztf
ZTF19aarioci,ZTF19aarioci-9,TDE,9,5526.68102761662,58600.45353015467,3.2144467649995034,3.277968893066434,14621.16881089095,0.6379557506342832,0.5648966313944309,0.6709413519910342,0.39287727929202904,1728.5271979799336,0.3180259647110349,0.23670095793726897,5.477530662799711,4.248208890443476,4.821572675370287,8.343493161460966,4.790950439200919,tdes_ztf
ZTF19aarioci,ZTF19aarioci-10,TDE,10,5526.68102761662,58600.44194628931,3.2034090302731286,3.27215279490614,14600.731185994127,0.5351360940241668,0.559423965273157,0.6635703196027007,0.38982384810072307,1720.8934044788275,0.297036703760004,0.23670095793726897,6.316689775373833,4.248208890443476,5.759572670337331,8.393926669311105,4.827535131756804,tdes_ztf
ZTF19aarioci,ZTF19aarioci-11,TDE,11,5526.68102761662,58600.555877611725,3.0928836513723024,3.3407372200784446,14246.612113341822,0.5256550324851392,0.5414333046902081,0.584984321937259,0.38299539334115357,1535.5091565177654,0.297036703760004,0.23711256017534027,6.316689775373833,3.9081411971728928,5.618503627169956,8.722656403082842,5.287122296080991,tdes_ztf
ZTF19abhejal,ZTF19abhejal-13,TDE,13,1906.2558961997263,58679.89232551081,4.538978217614396,7.77850610193007,17762.12220606652,0.6357644151877225,2.5521581417049166,2.7327748661868765,1.7709408239422946,5454.72490036319,0.28006454459740127,0.11158617949856146,2.189504917556517,1.0327668890761172,3.8969774519637776,4.3923015364309705,1.6609411458572765,tdes_ztf
ZTF19abhhjcc,ZTF19abhhjcc-17,TDE,17,2005.9365884053996,58690.41433200293,4.049492077243734,8.021735745144252,12728.633803445971,0.2724734742267556,9.813514483530252,2.4323034107873993,4.589148926653395,1928.3270998491053,0.2511845323114946,0.15401191826273256,2.872811557679781,2.129734473935116,0.7317902737506465,1.7479789549985354,1.6648794962355493,tdes_ztf
ZTF19abhhjcc,ZTF19abhhjcc-18,TDE,18,2005.9365884053996,58688.41576632327,3.3730830067685957,7.223239378407536,12276.119223839452,0.2863952502926131,5.851846773473048,1.3159126972249364,3.6066125659125694,1672.4456346555125,0.25060399482800383,0.15401191826273256,2.9187532399544702,2.129734473935116,1.093412977637889,2.0027766349723963,2.563303032094701,tdes_ztf
ZTF19abhhjcc,ZTF19abhhjcc-19,TDE,19,2005.9365884053996,58687.83116464965,3.3021786947335245,6.9064161980703895,12410.062827441508,0.2723068702078683,4.568430165637477,1.1664687503307092,3.144574894342701,1657.1952643489303,0.25060399482800383,0.16031945220758526,2.9187532399544702,2.0525640143376287,1.371966947635021,2.1962956616156575,2.830919125606506,tdes_ztf
ZTF19abhhjcc,ZTF19abhhjcc-20,TDE,20,2051.5306039950447,58687.475076362636,3.1122296772442755,6.722879971336044,12308.350784740285,0.258738653282112,3.793499151541013,0.9085255456702451,2.8675534918445535,1569.4696441536953,0.24662739427105063,0.15675645022796983,2.9160234606318243,2.052564014337628,1.4663241616084122,2.344465409435676,3.4255830142324672,tdes_ztf
ZTF19abhhjcc,ZTF19abhhjcc-21,TDE,21,2051.5306039950447,58687.29763728436,3.0966594632596607,6.613569642846334,12365.116522197557,0.24475524258401773,3.366031874642418,0.872729671824226,2.6775309398343037,1539.379348186484,0.24662739427105063,0.1621579742532662,2.9160234606318243,1.967945875585932,1.661680969437879,2.4700254792408147,3.548245880980371,tdes_ztf
ZTF19abhhjcc,ZTF19abhhjcc-24,TDE,24,2051.5306039950447,58685.49641447403,2.5231507006996416,5.296372676765476,11819.314035421487,0.3711257842634163,1.29887981519437,0.44533495143890883,1.5714159420566616,1302.6174662409603,0.22796356959043873,0.16413291314389314,2.9529697063897142,1.9655915674799533,2.609247303656659,3.3704460639705673,5.6657369751625435,tdes_ztf
ZTF19abhhjcc,ZTF19abhhjcc-25,TDE,25,2051.5306039950447,58685.28848804598,2.5339722758503855,5.081013577228751,12006.258281765562,0.3692551314877556,1.1308635889316445,0.4503072719157762,1.4150411633452344,1305.3099591414903,0.22796356959043873,0.16143942857070206,2.9529697063897142,1.897999376344291,2.951289054056732,3.5907178595546703,5.627207095879034,tdes_ztf
ZTF19abhhjcc,ZTF19abhhjcc-27,TDE,27,2051.5306039950447,58685.10309727121,2.460204715374174,4.89561335184225,11904.274228435817,0.3482962267407923,0.9843515476220718,0.3982800484654247,1.259867633070641,1227.8383198747188,0.2237006215851911,0.16133601415650078,2.888444235433228,1.8532671990098815,3.3059816340481016,3.8858156391479834,6.177072451540962,tdes_ztf
ZTF19abhhjcc,ZTF19abhhjcc-28,TDE,28,2051.5306039950447,58684.96007303207,2.3813424046226737,4.737143790952457,11752.871893571799,0.3498343197706597,0.9175261242589423,0.3495664489878108,1.1634306860756205,1166.6435689183954,0.2185159061112095,0.16133601415650078,2.832575322978987,1.8532671990098815,3.452719020053688,4.071702635703518,6.812273922505961,tdes_ztf
ZTF19abhhjcc,ZTF19abhhjcc-29,TDE,29,2051.5306039950447,58684.794728657595,2.4212981939526323,4.52588072572018,12022.812788864723,0.360504552423813,0.8573004032842741,0.3689976968325076,1.046399002899904,1180.2408374795568,0.2185159061112095,0.15773076525963553,2.832575322978987,1.900212068479107,3.8650075206395105,4.32519594645783,6.56182468003774,tdes_ztf
ZTF19abhhjcc,ZTF19abhhjcc-30,TDE,30,2051.5306039950447,58684.6271193266,2.2942823102771217,4.310664822231896,11737.939019194353,0.38644819118019424,0.8176429184371624,0.3080705014857414,0.9445354805580546,1089.7277977661179,0.21224518887680788,0.15773076525963553,2.948993238294758,1.900212068479107,4.103345447332747,4.563793431756582,7.447263854255483,tdes_ztf
ZTF19abhhjcc,ZTF19abhhjcc-31,TDE,31,2051.5306039950447,58684.64358555682,2.2867583173938315,4.33739926798214,11695.318949553988,0.37333698818542643,0.8136779358830258,0.30119770788287764,0.9416350240778288,1051.3533415334796,0.21224518887680788,0.15758115867243744,2.948993238294758,1.8641304860822996,4.298790217636852,4.606242500622663,7.592216864688259,tdes_ztf
ZTF19abhhjcc,ZTF19abhhjcc-34,TDE,34,2051.5306039950447,58684.4312814249,2.181920696656598,4.034373190513282,11514.264257323855,0.41160753572182684,0.7817146121625497,0.25952150641273086,0.81604259038965,979.6440358284972,0.20009543532967314,0.15336436277676022,2.7857490820183477,1.827375872701208,4.927630200848405,4.943826753683187,8.407475460575407,tdes_ztf
ZTF19abhhjcc,ZTF19abhhjcc-35,TDE,35,2051.5306039950447,58684.428404015816,2.184225146781967,4.028758051763201,11527.120317445382,0.3984862724349116,0.7783081236098982,0.2576795413804212,0.8069891470309066,959.6102983519686,0.20009543532967314,0.15134808968032645,2.7857490820183477,1.787492519328488,5.156221797750716,4.992332383385702,8.476517518933798,tdes_ztf
ZTF19abhhjcc,ZTF19abhhjcc-36,TDE,36,2051.5306039950447,58684.40343608306,2.160334971440537,3.988422760652678,11463.666811400319,0.39412611503936196,0.77463985474894,0.24752899630996253,0.7901162276265937,941.0654551006464,0.19486834397708858,0.15134808968032645,2.717233222163554,1.787492519328488,5.2217485624445015,5.047893741700991,8.727603649050097,tdes_ztf
ZTF19abhhjcc,ZTF19abhhjcc-37,TDE,37,2051.5306039950447,58684.359570174536,2.187542514305939,3.9177044116917115,11609.775830607892,0.40946447698022026,0.7690667428471056,0.25784925291898114,0.7650760153513689,959.1425508261873,0.19486834397708858,0.14758449995439163,2.717233222163554,1.790143446255524,5.575842797225394,5.120673414252133,8.483803965076008,tdes_ztf
ZTF19abhhjcc,ZTF19abhhjcc-42,TDE,42,2051.5306039950447,58684.21457097334,2.089081780633601,3.6904321393549635,11389.21742377773,0.5017298030839024,0.7536792765889658,0.2259486595251604,0.683911838113006,889.4549455658098,0.1822380531001563,0.1438886446375476,2.7103915302170605,1.7885727287225675,6.770846714732167,5.396064132384817,9.245825069393574,tdes_ztf
ZTF19abhhjcc,ZTF19abhhjcc-43,TDE,43,2051.5306039950447,58684.20037263028,2.0773934222129204,3.673817480347973,11357.357741205004,0.49398711148093494,0.7528902252138222,0.22059999515376227,0.6774785620587646,877.8708739286467,0.17815028591409973,0.1438886446375476,2.679059542152401,1.7885727287225675,6.813082305715787,5.422780418591763,9.417014813463341,tdes_ztf
ZTF19abhhjcc,ZTF19abhhjcc-44,TDE,44,2051.5306039950447,58684.18551224748,2.0852479357743885,3.651474122138126,11402.957758450586,0.48525873902265476,0.7508078254564602,0.22222776186329618,0.6688653426817442,874.5405931509777,0.17815028591409973,0.14102738584505,2.679059542152401,1.7540664773137005,7.117891235985996,5.459206643145734,9.383381798432243,tdes_ztf
ZTF19abhhjcc,ZTF19abhhjcc-45,TDE,45,2051.5306039950447,58684.186879422174,2.0896995650271513,3.6526011308295665,11418.119350810772,0.4735520977089253,0.7502196942993414,0.2218920817271862,0.668017095913281,875.5781027517696,0.17574311955417948,0.14102738584505,2.6198488233695403,1.7540664773137005,7.122295056538632,5.467825828373307,9.417639190912695,tdes_ztf
ZTF19abzrhgq,ZTF19abzrhgq-6,TDE,6,16989.88346429982,58750.07902222356,3.8988802840016397,4.521448163541546,11309.685232070256,1.217303523218767,4.115763311057498,1.711763983432841,1.5485153024495555,990.6596249208096,0.17266649127932912,0.09481217019558871,3.104266970005795,3.0859244306805538,0.3131639743015531,2.9198601759951526,2.2776973471440067,tdes_ztf
ZTF19abzrhgq,ZTF19abzrhgq-7,TDE,7,16989.88346429982,58750.85637193153,4.118026881926345,4.70599138151696,10985.427734322888,0.8932801074089499,4.59963666699298,2.026419476878515,1.5842034026276763,668.8554968661356,0.17266649127932912,0.20341068402279217,3.104266970005795,5.226413462161066,0.13728919504255654,2.970572701530155,2.03216901974794,tdes_ztf
ZTF19abzrhgq,ZTF19abzrhgq-8,TDE,8,25982.252559543653,58752.34532238976,3.159619866722494,5.152964497997231,11026.706444146277,0.6876118384564507,1.7178164561405806,0.49737227343072915,0.678659029962134,655.8560748270365,0.22204993447294855,0.13301093925635565,4.1099898390548555,5.226413462161068,0.79142717006064,7.592862203991808,6.3526256599073285,tdes_ztf
ZTF19abzrhgq,ZTF19abzrhgq-9,TDE,9,38061.719118517554,58760.56890748492,4.312245052179694,7.102124951278335,10779.346609069888,2.4199319887282966,4.883427661882089,1.6400363732239887,0.9498992691211879,624.7082373376379,0.2589629085061482,0.09079789081989724,3.817957210184952,5.226413462161068,-0.15911971313261408,7.476713776029074,2.629359398720328,tdes_ztf
ZTF19abzrhgq,ZTF19abzrhgq-10,TDE,10,48387.41261323688,58762.680618424965,4.017442654480274,7.4531339878970515,10739.758391221341,2.0434414948295316,2.3809572887523585,0.7148565663762381,0.5328828527207992,615.2867709104239,0.28180629907550603,0.07142195935468035,7.198833497421929,5.226413462161066,0.10437842342673888,13.986439889823359,5.619928309318828,tdes_ztf
ZTF19abzrhgq,ZTF19abzrhgq-11,TDE,11,48387.41261323688,58763.30665285143,4.074846720624374,7.503727551731772,10323.763719925098,1.9237123023678315,2.4182071237103484,0.744645742299135,0.52712818510914,423.0759159112058,0.28180629907550603,0.3262659029541465,7.198833497421929,6.690690412558676,0.025712827001113013,14.235109720376938,5.472195017248147,tdes_ztf
ZTF19accmaxo,ZTF19accmaxo-10,TDE,10,1796.655453559305,58763.49006663617,2.394673810063803,7.819405340577403,11595.545901962229,0.12705565215294987,3.5488132083684136,0.727433419889143,4.723534131655428,1993.6959617988432,0.060466832265117794,0.18151866814565643,0.6633762167598517,2.008241598618687,3.5307566191147517,1.6554141713880206,3.2919491249504853,tdes_ztf
ZTF19accmaxo,ZTF19accmaxo-11,TDE,11,1796.655453559305,58762.79609815419,2.1543982836728546,6.449732742704224,11112.30233173621,0.17732897240889103,2.764227966106262,0.47809479714219105,3.7229274565204036,1701.6716004207074,0.05540202453792709,0.18151866814565643,0.5967686841820355,2.008241598618687,4.393072717329735,1.7324357828697532,4.506215705652432,tdes_ztf
ZTF19accmaxo,ZTF19accmaxo-13,TDE,13,2093.163726390929,58764.42631638547,2.0104319384942837,9.049759495028475,11064.497127404571,0.34413817533921054,3.561185557883917,0.45191634532516056,4.511262482988317,1536.2454438236437,0.08611522240213938,0.1675227720995898,0.5986246416194195,1.9056890896074912,3.2825039307375143,2.006037008299681,4.448681618381712,tdes_ztf
ZTF19accmaxo,ZTF19accmaxo-14,TDE,14,2093.163726390929,58764.39006623727,2.001918141860742,8.978214695928084,11047.721027572952,0.30991425416453444,3.4302873100939943,0.4160537209726786,4.231309278149012,1502.7641804253235,0.08199354530122682,0.1675227720995898,1.018058761924857,1.9056890896074912,3.6471013861312604,2.121852624267543,4.81168185968995,tdes_ztf
ZTF19accmaxo,ZTF19accmaxo-15,TDE,15,2093.163726390929,58764.07360779818,1.942046285399634,8.399998293887995,10948.610377622204,0.29965262265283577,3.1461418028780113,0.36353602674897856,3.64165753206902,1458.8805761195754,0.07687252074533779,0.1675227720995898,1.2419615635824073,1.9056890896074912,4.407108323926876,2.306641472987579,5.342101311847742,tdes_ztf
ZTF20abefeab,ZTF20abefeab-9,TDE,9,2616.7847490406903,59008.044356883525,4.198735925782197,3.726624351309121,16606.85456718838,0.14503154502064478,1.2215551071729074,1.6190243376668823,1.9973682655446214,3473.128013908222,0.1457597165876199,0.07921543756327937,1.5276656345589616,0.3311537682521021,3.799494550953426,1.8657672776697412,2.593374187217497,tdes_ztf
ZTF20abefeab,ZTF20abefeab-10,TDE,10,2616.7847490406903,59008.050827707746,4.078961011867313,3.9374766127180765,16256.373668468164,0.13116216658861332,1.2332094967570315,1.435528735224419,2.0009354698694395,3003.685777727843,0.1457597165876199,0.08092037315668099,1.5276656345589616,0.3479913266005219,3.601754165659665,1.967817889187099,2.8414345960338028,tdes_ztf
ZTF20abefeab,ZTF20abefeab-12,TDE,12,2624.776928535511,59007.98972679928,3.4997286679045536,4.993729300662843,14618.17485315468,0.40828157492984996,1.325938188812294,0.9231712956989063,2.548810031102659,2171.6229644808955,0.1408766621912456,0.1133038703181229,1.410002044900814,0.31879078257131865,3.452841005751583,1.9592395038175794,3.7909851445879394,tdes_ztf
ZTF20abefeab,ZTF20abefeab-13,TDE,13,2821.30994671947,59007.99208799004,3.2570159801406993,5.014371616212296,14612.700136000229,0.3629334428952803,1.319917955782345,0.8078742749340062,2.290683617871121,2153.7360717549063,0.1348799368606543,0.10541109992916334,1.4206869019244575,0.3187907825713192,4.030035816417172,2.189028452943874,4.031587687832688,tdes_ztf
ZTF20abefeab,ZTF20abefeab-16,TDE,16,2936.7352760381077,59007.99030854051,3.2004382859370386,5.088216633204185,14771.0761996233,0.2887062763261466,1.3265757771677509,0.7490698040536606,1.9632502939679184,1920.5508964410901,0.13473485822546402,0.09513030118021416,1.5351324934968409,0.7158644249748677,4.567800790548552,2.591730992649138,4.272550126326773,tdes_ztf
ZTF20abfcszi,ZTF20abfcszi-32,TDE,32,3626.699730258139,59054.695877457016,5.509283494993593,21.372852384939343,11069.820375947726,0.636187103776906,27.301830320234323,3.547155452344705,6.264683088596366,719.9923891946528,0.22264069582148227,0.17225811021211906,3.424096061056736,3.7430849529544914,-0.29391777679673725,3.4116414322449056,1.553155357584315,tdes_ztf
ZTF20abfcszi,ZTF20abfcszi-33,TDE,33,3757.100393468494,59050.32262381175,4.644209041956995,20.500929940622154,10936.590546561412,0.6247595912851578,21.104299227123985,2.4131585467258225,5.6564974497862615,657.0196393654142,0.22229379135206417,0.16627941135859026,3.7309145136148727,3.743084952954492,-0.0913817479090527,3.6243152450102865,1.9245353970870525,tdes_ztf
ZTF20abfcszi,ZTF20abfcszi-34,TDE,34,3979.176471585989,59052.17328951281,4.645358722004339,20.886678316231706,10996.213548247748,0.6092320584845468,22.25913206720733,2.5053306615671187,5.67760233503347,646.189482044434,0.21892220765408907,0.15699943098830937,3.7742671321479166,3.743084952954492,-0.1782764093175894,3.678785001786952,1.8541898653404112,tdes_ztf
ZTF20abfcszi,ZTF20abfcszi-35,TDE,35,4229.400380275736,59053.78104254995,4.568234792760186,21.23927918561204,11011.762505112825,0.5905079781518153,22.00683186088882,2.396455518519011,5.4590537910245125,638.0373746959949,0.21664187625168826,0.14771087758788629,3.8386664955512755,3.7430849529544914,-0.11538723270078861,3.890652116403861,1.906246436647118,tdes_ztf
ZTF20abfcszi,ZTF20abfcszi-36,TDE,36,4229.400380275736,59050.52832532519,4.17608150909331,20.50171836023031,10977.936117460986,0.5789042359561648,18.474302038301122,1.8550643871821793,5.115507443188651,629.8261687962231,0.22108257463833328,0.14771087758788629,3.840224736492401,3.7430849529544914,0.03914119102066854,4.007758484943376,2.2511787396429552,tdes_ztf
ZTF20abfcszi,ZTF20abfcszi-37,TDE,37,4229.400380275736,59046.77778544878,3.8389283832280103,19.524970819919254,11102.343808476511,0.5728650354968672,13.908351498224986,1.3317739687563315,4.437565723233053,616.1060562275625,0.22108257463833328,0.15426077237647964,3.840224736492401,3.7596565929547974,0.236976536039279,4.399928257444276,2.882567517679422,tdes_ztf
ZTF20abfcszi,ZTF20abfcszi-38,TDE,38,4229.400380275736,59052.746604424945,4.395607006634545,21.036908525037727,10924.763669385671,0.5875273148151415,17.49336967294132,1.8683169489000617,4.697533740808006,567.9108307613869,0.22108257463833328,0.1668095899185488,3.840224736492401,4.072560564741737,-0.06376283489106875,4.478287902923981,2.352709484984537,tdes_ztf
ZTF20abfcszi,ZTF20abfcszi-39,TDE,39,4229.400380275736,59047.65542629296,3.895067051185771,19.717907297018055,11014.247616900684,0.5875202910082242,12.34052399362566,1.2320644206098432,3.9641211162905607,568.203806607763,0.22108257463833328,0.17303661327899597,3.840224736492401,4.031008681950222,0.3425398296724677,4.974093050786791,3.1614150900143705,tdes_ztf
ZTF20abfcszi,ZTF20abfcszi-40,TDE,40,4242.032582961719,59052.04487066479,4.3093049045957565,20.863542639108697,10933.105083196158,0.5886853245927123,14.43706257664004,1.5601062398696244,4.110438296988285,548.8685247215217,0.2204242204558625,0.1840703321452351,3.840224736492401,4.243248478372882,0.11336571052157332,5.075746461002808,2.7621868270688275,tdes_ztf
ZTF20abfcszi,ZTF20abfcszi-41,TDE,41,4242.032582961719,59045.39237886135,3.5127165472130133,19.14353233668355,10685.975411029523,0.6307170191872414,9.352486760880305,0.8365233394310173,3.418501926642406,497.31520732623176,0.22424083945802223,0.1840703321452351,4.16613607610772,4.243248478372882,0.47321759533547,5.599977050615852,4.199185344430769,tdes_ztf
ZTF20abfcszi,ZTF20abfcszi-42,TDE,42,4243.048539264721,59044.29270190916,3.3891991915283954,18.826160792037815,10634.660214646261,0.61950322123824,8.397273742220678,0.7150577349374696,3.249655838609973,479.9853406695629,0.2287403968421169,0.18402625831190322,4.377736178689605,4.243248478372883,0.5396324775405655,5.793278343004663,4.739756002813919,tdes_ztf
ZTF20abfcszi,ZTF20abfcszi-43,TDE,43,4243.048539264721,59042.167156426796,3.23595545490293,18.088719457941032,10715.507255956345,0.6145533835507165,6.485084898601892,0.5609375194834022,2.8067404760948587,473.20299948534193,0.2287403968421169,0.18970567076690797,4.377736178689605,4.346515897913086,0.8398910828793485,6.444742437715033,5.768834036780241,tdes_ztf
ZTF20abfcszi,ZTF20abfcszi-44,TDE,44,4594.412660187554,59042.46606805411,3.01723568693885,18.191336738682487,10728.85408575287,0.5998199807505251,6.3652225726336615,0.5014491213414368,2.7634686428247317,466.90806016561146,0.2190386776950532,0.17519766480987017,4.355920254452813,4.346515897913086,0.8213048639829622,6.5827910824737526,6.017032553307464,tdes_ztf
ZTF20abfcszi,ZTF20abfcszi-45,TDE,45,4594.412660187554,59041.937878286866,2.965745295319602,18.00998653082379,10703.221032668334,0.5871856276385831,5.821791186970706,0.44178171447522796,2.6377830982035726,456.4003122455915,0.22341511646110349,0.17519766480987017,4.573464421203559,4.346515897913086,0.8589295270540934,6.82769805564728,6.713146330292266,tdes_ztf
ZTF20abfcszi,ZTF20abfcszi-47,TDE,47,4594.412660187554,59038.40116268689,2.7721549266525214,16.57559463399959,10937.190494108614,0.6239244215252538,3.6824634523961484,0.31017854145710233,2.0568697515585685,456.883773049949,0.22341511646110349,0.18011106378797645,4.573464421203559,4.351718378401329,1.3869960397031644,8.058650588565285,8.937287904024496,tdes_ztf
ZTF20abfcszi,ZTF20abfcszi-48,TDE,48,4594.412660187554,59038.97849122592,2.8040470222821323,16.83422578486589,10900.821210213166,0.6152351330200608,3.708486178085766,0.3175700906842902,2.0485261472036194,447.50602798743694,0.22341511646110349,0.18746127480242863,4.573464421203559,4.334623938189596,1.3314209967584856,8.217725611091554,8.829694938336473,tdes_ztf
ZTF20abfcszi,ZTF20abfcszi-49,TDE,49,4817.45869840847,59038.8813356536,2.665805756498562,16.789310593739128,10896.508996259492,0.6017142581338933,3.543978215285326,0.2863873652118527,1.9931075393323623,442.7371584412085,0.22025325299115608,0.17878190725988227,4.482360914768061,4.334623938189596,1.462116238160998,8.423685256523136,9.308391641253287,tdes_ztf
ZTF20abfcszi,ZTF20abfcszi-50,TDE,50,4902.481912143,59038.95269919378,2.6274019668603192,16.815935793926677,10905.14831193127,0.5888452475829027,3.4917872406272426,0.2755625758510721,1.9732520571924548,441.1533247774905,0.22291856454157677,0.17568131197259046,4.415450687520226,4.334623938189596,1.455585636502539,8.521940079896538,9.534683578659461,tdes_ztf
ZTF20abfcszi,ZTF20abfcszi-51,TDE,51,5009.352576563538,59040.347203130426,2.6442402642969687,17.451186048102862,10829.352769979416,0.6134252692001251,3.839572748394189,0.29417522546426966,2.057831206092255,429.61689830856994,0.21816276930853803,0.18484597460468058,4.415450687520226,4.256497472625514,1.3791861139542791,8.480377786301538,8.988657219940285,tdes_ztf
ZTF20abjwvae,ZTF20abjwvae-6,TDE,6,1605.1425226003928,59039.880185512855,3.1038562090648303,3.249392940325935,13362.726762642245,0.32932600571865056,2.1387937504434507,1.864546171942772,2.035241834372224,4257.542759244603,0.22108941238940374,0.10765132973048869,1.9983430967197955,1.5007106048204104,2.265754318465672,1.5965635559610143,1.664671143987147,tdes_ztf
ZTF20abjwvae,ZTF20abjwvae-7,TDE,7,1904.7518322109936,59041.159349018926,3.301476761695002,4.159177346401327,14111.405432258654,0.30456541813429483,2.3555603022629947,1.719672990064037,1.9962015934479376,4481.875134086397,0.2226124591663662,0.09071823638269233,2.0728099233472337,1.50071060482041,2.172118817933752,2.083545750115043,1.919828235234457,tdes_ztf
ZTF20abjwvae,ZTF20abjwvae-12,TDE,11,2578.702254773676,59047.6303824101,5.172940764216112,7.838945431829547,16570.61708028167,0.8019051870204102,4.753612276851448,2.341325532944496,2.5849505626130007,3797.7328270638254,0.23334988962839343,0.15176271114788473,3.017570489173172,1.6800346121942533,1.2280636692565283,3.032532051176073,2.20940688999813,tdes_ztf
ZTF20abjwvae,ZTF20abjwvae-13,TDE,12,2578.702254773676,59045.42025223193,5.31518244158388,6.6185941362464655,17976.21366043618,0.8446509235274322,2.151613131275895,2.6813425266083133,1.5483769685364182,4430.503049364158,0.23334988962839343,0.14507933820851812,3.017570489173172,1.6268505405075435,2.683575258208636,4.2745366733933015,1.9822840196053453,tdes_ztf
ZTF20abjwvae,ZTF20abjwvae-14,TDE,13,2578.702254773676,59044.87199794837,4.795906724092655,6.334680563241491,17391.988518753726,0.7791693729547099,1.6056514516363594,2.1076910150266417,1.3480637197794725,3905.978634557615,0.25685783565227743,0.14507933820851812,2.8023940800222262,1.6268505405075435,2.8991263044858315,4.699095799624199,2.2754315931038085,tdes_ztf
ZTF20abjwvae,ZTF20abjwvae-15,TDE,14,2649.627362170626,59044.63257092885,4.480656495542874,6.19562922515552,17173.60929052631,0.7091913365584315,1.2881296282802388,1.87481678962752,1.208641167387291,3786.024136353687,0.26245832508739514,0.1411958609352883,2.6440515249038943,1.6268505405075444,3.4804439367351225,5.126111365665756,2.389916988333068,tdes_ztf
ZTF20abjwvae,ZTF20abjwvae-16,TDE,15,2649.627362170626,59044.838902134325,4.268095102994925,6.36516122249668,16630.5772268553,0.658774889973293,1.2535268007649412,1.6033808444501125,1.189112345190427,3245.0313694329034,0.26245832508739514,0.15184224501059432,2.6440515249038943,1.5573202393134593,3.362245828123981,5.352867833087166,2.6619346974041527,tdes_ztf
ZTF20abjwvae,ZTF20abjwvae-17,TDE,16,2649.627362170626,59044.97330602363,4.165185035925791,6.471091596987831,16344.293629943058,0.6124456346757712,1.2146062941808786,1.4724268765062405,1.1650928887818492,2955.5395534476083,0.26245832508739514,0.15612648503127155,2.6440515249038943,1.5157059804352704,3.4320916098345515,5.554142214148791,2.8287890572935614,tdes_ztf
ZTF20abjwvae,ZTF20abjwvae-18,TDE,17,2649.627362170626,59044.56540485321,3.7624009714915,6.248939385560479,15706.930461165,0.6070224755264444,1.0099493753274043,1.1495157401420781,1.0778413123467459,2596.028117219098,0.2631899981744743,0.15612648503127155,2.768846696193997,1.5157059804352704,3.6220017270231333,5.797643228162116,3.273031277524285,tdes_ztf
ZTF20abjwvae,ZTF20abjwvae-19,TDE,18,2649.627362170626,59044.30483885656,3.5261063789172544,6.095140465428617,15308.501946105855,0.6037950830907485,0.91178493829434,0.9923257830431109,1.025580411225232,2413.3277071264947,0.2593507428799309,0.15612648503127155,2.7552843136579024,1.5157059804352704,3.919096102726911,5.943113186168333,3.553375755393494,tdes_ztf
ZTF20abjwvae,ZTF20abjwvae-20,TDE,19,2649.627362170626,59044.05755510152,3.3299210312819607,5.941596552705519,14970.927306236003,0.6151065901254689,0.8413777822941007,0.8730636842271857,0.9770841038515284,2263.7904089916947,0.25331263549529187,0.15612648503127155,2.7861462425166463,1.5157059804352704,4.2285995313793965,6.080946900358505,3.8140643018836866,tdes_ztf
ZTF20abjwvae,ZTF20abjwvae-21,TDE,20,2649.627362170626,59043.987253569285,3.437364902418382,5.859328397427034,15281.617020009247,0.5843418304838134,0.8043599349935134,0.8857237577370715,0.9290164837816891,2188.481404765308,0.25331263549529187,0.15030779991651716,2.7861462425166463,1.5517397636371482,4.303584441803978,6.307023071943604,3.8808543548616985,tdes_ztf
ZTF20abjwvae,ZTF20abjwvae-22,TDE,21,2649.627362170626,59043.8169152376,3.270962228025191,5.755653649980441,14965.208654776134,0.5913994209944498,0.7687143054696501,0.7876390940477969,0.8997816385056124,2055.892160953046,0.24668493515978637,0.15030779991651716,2.7949051501863584,1.5517397636371482,4.585979033393936,6.396722719903046,4.152869318884642,tdes_ztf
ZTF20abjwvae,ZTF20abjwvae-25,TDE,24,2649.627362170626,59043.555973641276,3.035278267953729,5.58101841401376,14497.84820041268,0.5948930492806589,0.7262600953922901,0.642647181189986,0.845297017886221,1806.229436003524,0.23240956677589275,0.14589716153607163,2.614890511796145,1.5469348067965987,5.134761352297143,6.602434760706773,4.723086565684956,tdes_ztf
ZTF20acitpfz,ZTF20acitpfz-8,TDE,8,2662.867762535936,59132.97612369582,5.155438633674427,3.8676982183474493,18344.73235358669,1.6583134548012768,1.545308157858838,3.1726214996475197,1.6172354103463966,6173.570349279194,0.21379756072015493,0.11507855122484904,2.604570418285936,1.0739989524202977,2.191958660038014,2.391549302966984,1.6249775254461332,tdes_ztf
ZTF20acitpfz,ZTF20acitpfz-9,TDE,9,2662.867762535936,59132.81460054835,5.643866015502757,3.7649731662442063,19339.388531587298,1.3439272078505253,1.356204849206036,3.3609601521090626,1.497703927565823,5935.7594184887785,0.21379756072015493,0.10552516115867568,2.604570418285936,0.9581767563468092,2.3035077459188464,2.5138300681118686,1.6792421689263797,tdes_ztf
ZTF20acitpfz,ZTF20acitpfz-12,TDE,12,4769.552131336034,59150.0218098574,9.999991071128974,8.360381905038746,17134.834480286383,2.8201927578897883,4.1080898211043655,2.2747918744243636,1.0236873623814773,2518.639250256425,0.23617449596112108,0.1064295002091901,3.662796908615466,3.0345117556071335,-0.5467176271922828,8.166928900625862,4.396002633717633,tdes_ztf
ZTF20acitpfz,ZTF20acitpfz-13,TDE,13,4769.552131336034,59151.811749342465,9.999988491420519,8.331856425969868,15646.389595938053,2.6964795878407593,3.2607447137213192,2.1879442688110657,0.8687112697923056,1886.594719415757,0.23617449596112108,0.1620514110419682,3.662796908615466,3.7557347319896452,-0.7577567134697517,9.591053685722157,4.570495068804717,tdes_ztf
ZTF20acitpfz,ZTF20acitpfz-14,TDE,14,4946.31305906768,59153.078204490506,9.999955261824102,8.274439417431752,14874.164514744709,2.523748799479107,2.773754486183271,1.709796335124605,0.7631481822579076,1515.2859863685417,0.22773458879913683,0.24514706838154665,3.662796908615466,3.722350735056304,-0.44565074498072893,10.842506881101876,5.848623638028405,tdes_ztf
ZTF20acitpfz,ZTF20acitpfz-15,TDE,15,6031.264850054524,59155.018839648175,9.999912344001824,8.51628057228779,15257.757850066002,2.208813151808961,2.8427838788959283,2.182706881825146,0.6498324897936172,1636.925905549232,0.2545780388246189,0.20104806800464747,4.062808868135256,3.722350735056305,-0.6470459963820688,13.105347464224987,4.581427046970252,tdes_ztf
ZTF20acitpfz,ZTF20acitpfz-19,TDE,19,6690.509627849749,59150.378387589764,6.003172017763418,7.910356580794758,14873.619706530211,2.1654957756968596,3.2913698299278678,1.637118219984784,0.9839938944930262,1459.176919604508,0.2941765341879052,0.24880790457425908,3.7590185147317507,4.7079864002600855,0.39661190722396134,8.039030145477007,3.666914181566688,tdes_ztf
ZTF20acqoiyt,ZTF20acqoiyt-7,TDE,7,4815.458007378358,59170.23292466339,2.9092178723332554,2.2429244117823304,13202.727288881457,1.233077460311695,0.5389366349619799,1.0880457811871904,0.31858789308768615,3433.6541981107293,0.3182049664031012,0.0,3.5301845633799407,0.0,3.5333918944206566,7.040206048146977,2.673800976608672,tdes_ztf
ZTF20acqoiyt,ZTF20acqoiyt-8,TDE,8,4815.458007378358,59170.401739197834,2.6573344234883307,2.3030216739241367,12137.643887946213,0.9796228323204113,0.423682284840774,0.6601491029728203,0.2988368091997735,1922.1150851666753,0.3182049664031012,0.24875964096630596,3.5301845633799407,1.4477665862172477,3.385159805676369,7.706619810629012,4.025354895616269,tdes_ztf
ZTF20acqoiyt,ZTF20acqoiyt-9,TDE,9,6141.408701675251,59170.73306099085,2.492381803806421,2.432627210616588,13137.220521754112,1.226558885428331,0.42057965460401636,0.6645113349508379,0.3133029242588513,2167.559330964652,0.3170811371137562,0.19505160187059412,3.557738520098168,1.4477665862172477,4.695333859383809,7.764457406106902,3.7506987055244334,tdes_ztf
ZTF20acqoiyt,ZTF20acqoiyt-10,TDE,10,6141.408701675251,59170.924881154,2.282586835784426,2.5372056602693833,12138.670033198938,1.2218350129398001,0.42616542270037894,0.47146224234106754,0.3276513479189738,1564.176259014982,0.3170811371137562,0.21684531410806773,3.557738520098168,1.8598751114305703,4.442821810765721,7.743614291178862,4.841505068253474,tdes_ztf
ZTF20acqoiyt,ZTF20acqoiyt-11,TDE,11,6429.896762347481,59171.22845334174,2.5560095946951757,2.6783611414821826,13099.456000547369,1.328300948566506,0.43704543166676146,0.538937948013353,0.3447346612381766,1692.1796606808484,0.3372099994895972,0.20711618680710964,4.152605175490134,1.8598751114305703,4.824033905630831,7.769341011032562,4.742678826230746,tdes_ztf
ZTF20acqoiyt,ZTF20acqoiyt-12,TDE,12,6789.578282284449,59172.02909408063,2.1062003347287175,3.2238356517134195,11281.262432438294,2.675469332560176,0.701072346996425,0.2981054992822728,0.4980246152612745,1072.891158820119,0.31934612045150856,0.2501722469384375,4.152605175490134,2.3253079277062954,4.69651786100001,6.4732456045814635,7.065285074578177,tdes_ztf
ZTF20acqoiyt,ZTF20acqoiyt-13,TDE,13,8670.257582234264,59174.684246819124,2.3227743687798195,4.596786779635122,12513.616831591322,4.032469411307243,1.1964273538673091,0.3672532908926637,0.6190245844926567,1284.3869178063223,0.3053228721972173,0.1959069887524391,5.0210775312424145,2.325307927706295,3.138298440311266,7.4258549576065365,6.324720367063209,tdes_ztf
ZTF20acqoiyt,ZTF20acqoiyt-15,TDE,15,9308.66068734753,59176.05436560002,2.2164899934046924,5.210414350393663,11970.171703630196,3.583687750006159,1.1834839350462176,0.3110001080268102,0.5596681952797656,1044.11189627541,0.32097522743525125,0.20144449743864956,4.8302752902972825,2.1597598489268486,3.0961913803650702,9.30982749124969,7.126974995177869,tdes_ztf
ZTF20acqoiyt,ZTF20acqoiyt-17,TDE,17,9308.66068734753,59175.70759236825,2.144321809250066,5.065390274369759,11879.451817262008,3.08446273389029,0.982961967489819,0.27142047305348765,0.4964156605438374,1019.0755292853801,0.3311577860499114,0.20144449743864956,4.727573670054835,2.1597598489268486,4.2249564737548,10.203929241113144,7.900368697786088,tdes_ztf
