candid,fid,jd,magpsf,objectId,sigmapsf
2311181950015010000,1,2460065.681956,19.032743,ZTF18aahqkbt,0.119692795
2305164690015010000,1,2460059.6646991,19.232594,ZTF18aahqkbt,0.123079084
2303197780015010000,1,2460057.6977894,19.22009,ZTF18aahqkbt,0.09324026
2303196853915010000,1,2460057.6968519,19.969536,ZTF18aabtxvd,0.1782557
2303166330015010000,2,2460057.666331,19.802185,ZTF18aahqkbt,0.18797149
2301181650015010000,1,2460055.6816551,19.265284,ZTF18aahqkbt,0.089896075
2301180163915010000,1,2460055.680162,20.031961,ZTF18aabtxvd,0.20466547000000002
2297215780015010000,1,2460051.715787,19.17568,ZTF18aahqkbt,0.0645578
2297196333915010000,1,2460051.696331,20.073336,ZTF18aabtxvd,0.16969831
2295166123915010000,1,2460049.6661227,20.029678,ZTF18aabtxvd,0.20481059999999998
2295163760015010001,1,2460049.6637616,19.070454,ZTF18aahqkbt,0.07933248600000001
2291181620015010001,1,2460045.6816204,19.186026,ZTF18aahqkbt,0.082236715
2291178733915010000,1,2460045.6787384,20.217491,ZTF18aabtxvd,0.20188858
2289310710015010000,1,2460043.8107176,19.013315,ZTF18aahqkbt,0.16871457
2282309440015010000,1,2460036.8094444,19.16093,ZTF18aahqkbt,0.15645863000000002
2277199810015010000,1,2460031.6998148,19.115114,ZTF18aahqkbt,0.10654766
2277182823915010000,1,2460031.6828241,19.86731,ZTF18aabtxvd,0.19609395000000002
2277161650015010000,2,2460031.6616551,19.652655,ZTF18aahqkbt,0.1254807
2267201750015010001,1,2460021.7017593,18.979616,ZTF18aahqkbt,0.10896942
2267198423915010000,1,2460021.6984259,19.971254,ZTF18aabtxvd,0.17251368
2263199020015010000,1,2460017.6990278,19.072294,ZTF18aahqkbt,0.07531436500000001
2240362100015010000,1,2459994.8621065,19.336716,ZTF18aahqkbt,0.14180152000000001
2238256890015010000,1,2459992.7568981,19.185118,ZTF18aahqkbt,0.14298688
2238228701315010001,2,2459992.7287037,19.031534,ZTF18aahqkbt,0.14206718000000002
2231227340015010000,2,2459985.7273495,19.666399,ZTF18aahqkbt,0.20010261000000001
2229115480015010000,1,2459983.6154861,19.088331,ZTF18aahqkbt,0.10351826
2217364910015010001,1,2459971.864919,19.164652,ZTF18aahqkbt,0.08209274
2215320351315010001,2,2459969.8203588,19.320667,ZTF18aahqkbt,0.18541555
2215280480015010001,1,2459969.7804861,19.131824,ZTF18aahqkbt,0.09572816
2213348050015010001,1,2459967.8480556,18.94994,ZTF18aahqkbt,0.09877676
2197380410015010000,1,2459951.8804167,19.009142,ZTF18aahqkbt,0.17265321
2183373693915010000,1,2459937.8736921,19.947513999999998,ZTF18aabtxvd,0.20400487
2183341450015010000,2,2459937.8414583,19.435835,ZTF18aahqkbt,0.11851006
2183321250015010001,1,2459937.82125,19.02125,ZTF18aahqkbt,0.09387506500000001
2181337500515010009,1,2459935.8375,16.462898,ZTF18acpdvos,0.037985608000000004
2181330060015010009,1,2459935.8300694,19.12434,ZTF18aahqkbt,0.09460697
2181317513915010001,1,2459935.8175116,19.978031,ZTF18aabtxvd,0.18649858
2176370560015010000,1,2459930.8705671,19.15225,ZTF18aahqkbt,0.104054146
2176328623915010001,1,2459930.8286227,20.057543,ZTF18aabtxvd,0.20122093
2169411770015010000,1,2459923.9117708,18.98412,ZTF18aahqkbt,0.12179364000000001
2152424140515010016,1,2459906.9241435,16.475723,ZTF18acpdvos,0.027268313000000002
2149373763915010000,1,2459903.8737616,20.06207,ZTF18aabtxvd,0.18369152
2149372340015010003,1,2459903.8723495,19.07146,ZTF18aahqkbt,0.077568576
2147384880015010015,1,2459901.8848843,18.84719,ZTF18aahqkbt,0.11909238
2143467590015010002,1,2459897.9675926,19.101849,ZTF18aahqkbt,0.14831188
2141368440015010000,1,2459895.8684491,19.212807,ZTF18aahqkbt,0.13412246
2135492740015010000,1,2459889.9927431,19.109716,ZTF18aahqkbt,0.105799265
2134458250515010003,1,2459888.9582523,16.476114,ZTF18acpdvos,0.042670615
2128515540015010003,1,2459883.015544,19.166399,ZTF18aahqkbt,0.14784177
2127463480515010009,1,2459881.9634838,16.4643,ZTF18acpdvos,0.03134494
2125464460515010021,1,2459879.9644676,16.478992,ZTF18acpdvos,0.034767926000000005
2124448310015010001,1,2459878.9483102,19.197962,ZTF18aahqkbt,0.09294182000000001
2120490410015010001,2,2459874.9904167,19.661108,ZTF18aahqkbt,0.13328442000000001
2120445050015010001,1,2459874.9450579,19.127853,ZTF18aahqkbt,0.06995028
2120444083915010001,1,2459874.9440856,19.896488,ZTF18aabtxvd,0.15816349
2118469250015010000,1,2459872.9692593,19.11412,ZTF18aahqkbt,0.08773526
2117495313915010000,1,2459871.9953125,19.80114,ZTF18aabtxvd,0.21052985
2108430370015010000,1,2459862.9303704,19.149614,ZTF18aahqkbt,0.15943469999999998
2106488200015010000,1,2459860.988206,19.102571,ZTF18aahqkbt,0.12380459
2104505551315010000,2,2459859.0055556,18.778961,ZTF18aahqkbt,0.11325046400000001
2104477690015010000,1,2459858.9776968,19.242296,ZTF18aahqkbt,0.08033147
2104467683915010000,1,2459858.9676852,19.894236,ZTF18aabtxvd,0.13868758
2102445233915010000,1,2459856.9452315,19.960247,ZTF18aabtxvd,0.19685383
2092493703915010000,1,2459846.9937037,20.013132,ZTF18aabtxvd,0.17379944
2092493210015010000,1,2459846.9932176,19.03384,ZTF18aahqkbt,0.09189021600000001
2071500821315010000,2,2459826.0008218,18.87485,ZTF18aahqkbt,0.12433801
2065498090015010000,2,2459819.9980903,19.659374,ZTF18aahqkbt,0.21249579000000002
2056288900815015018,2,2459810.7889005,19.337101,ZTF20abfcszi,0.18330094
1961237310515010007,1,2459715.7373148,16.460693,ZTF18acpdvos,0.030953135000000003
1948175301315010000,2,2459702.6753009,18.876453,ZTF18aahqkbt,0.14203113
1946197820015010000,1,2459700.6978241,19.183414,ZTF18aahqkbt,0.09558377
1943200903915010000,1,2459697.7009028,19.78988,ZTF18aabtxvd,0.16101727
1942176920015010000,1,2459696.6769213,19.122408,ZTF18aahqkbt,0.08255464600000001
1941270750515010007,1,2459695.7707523,16.538065,ZTF18acpdvos,0.08082343
1940265060015010000,1,2459694.7650694,19.110733,ZTF18aahqkbt,0.118930794
1936262410015010000,1,2459690.762419,19.071192,ZTF18aahqkbt,0.102991596
1934183260015010000,1,2459688.6832639,19.171345,ZTF18aahqkbt,0.0932509
1929283190015010000,1,2459683.7831944,19.080524,ZTF18aahqkbt,0.15586752
1929166671315010001,2,2459683.6666782,18.614548,ZTF18aahqkbt,0.15502883
1924218831315010000,2,2459678.718831,19.176773,ZTF18aahqkbt,0.21053621
1924181920015010000,1,2459678.6819213,19.051516,ZTF18aahqkbt,0.10002951
1922196700015010000,1,2459676.6967014,19.235634,ZTF18aahqkbt,0.10090391
1922195713915010000,1,2459676.6957176,20.05536,ZTF18aabtxvd,0.20521662000000002
1922174251315010001,2,2459676.6742593,18.799366,ZTF18aahqkbt,0.14796239
1920361040515010008,1,2459674.8610417,16.465403,ZTF18acpdvos,0.034076504
1920178573915010000,1,2459674.6785764,19.891045,ZTF18aabtxvd,0.13800831
1920176640015010000,1,2459674.6766435,19.36252,ZTF18aahqkbt,0.07910184
1918156383915010000,1,2459672.6563889,19.972893,ZTF18aabtxvd,0.15148534
1917283630015010000,1,2459671.7836343,19.364557,ZTF18aahqkbt,0.11077459
1886195250015010001,1,2459640.6952546,19.206303,ZTF18aahqkbt,0.07394397
1886193173915010000,1,2459640.6931713,19.981974,ZTF18aabtxvd,0.16911116
1884343550015010000,1,2459638.8435532,19.132294,ZTF18aahqkbt,0.14098899
1882221600015010000,1,2459636.7216088,19.11588,ZTF18aahqkbt,0.072271705
1882191573915010000,1,2459636.6915741,20.018856,ZTF18aabtxvd,0.15765
1875389830015010000,1,2459629.889838,19.048943,ZTF18aahqkbt,0.14922993
1870266210015010000,1,2459624.7662153,18.939125,ZTF18aahqkbt,0.17419577
1868264560015010001,1,2459622.7645602,19.192963,ZTF18aahqkbt,0.16710544
1796457150515010024,1,2459550.9571528,16.486984,ZTF18acpdvos,0.032527799999999996
1796302400015010001,1,2459550.8024074,19.220396,ZTF18aahqkbt,0.07220156
1782434060015010000,1,2459536.9340625,19.114265,ZTF18aahqkbt,0.15399121
1777430820015010000,2,2459531.9308218,19.898977,ZTF18aahqkbt,0.18600355000000002
1777392650015010000,1,2459531.8926505,19.180836,ZTF18aahqkbt,0.08821159
1777381093915010000,1,2459531.8810995,20.062525,ZTF18aabtxvd,0.18092918
1776497690515010019,1,2459530.9976968,16.468529,ZTF18acpdvos,0.034818485
1775391053915010000,1,2459529.8910532,20.026821,ZTF18aabtxvd,0.1612248
1775390110015010002,1,2459529.8901157,19.091818,ZTF18aahqkbt,0.10148064
1775364140015010000,2,2459529.8641435,19.892597,ZTF18aahqkbt,0.2014524
1772453240015010000,1,2459526.9532407,19.120659,ZTF18aahqkbt,0.06759071
1772449933915010000,1,2459526.9499306,19.898394,ZTF18aabtxvd,0.16540481
1771482970515010020,1,2459525.9829745,16.50763,ZTF18acpdvos,0.030450195000000003
1770519393915010000,1,2459525.0193981,19.996723,ZTF18aabtxvd,0.123735115
1770347600015010000,1,2459524.8476042,19.19201,ZTF18aahqkbt,0.09031232
1768455503915010000,1,2459522.9555093,19.948746,ZTF18aabtxvd,0.17732409999999998
1768370450015010000,1,2459522.8704514,19.221073,ZTF18aahqkbt,0.10087842500000001
1764361403915010000,1,2459518.8614005,20.050907,ZTF18aabtxvd,0.14081182
1764346950015010000,1,2459518.846956,19.175175,ZTF18aahqkbt,0.09928203000000001
1755514670515010005,1,2459510.0146759,16.478968,ZTF18acpdvos,0.034681816000000004
1755426510015010000,1,2459509.9265162,19.126415,ZTF18aahqkbt,0.16629549999999998
1749476460015010000,1,2459503.9764699,19.046799,ZTF18aahqkbt,0.09665277
1749468193915010000,1,2459503.9681944,20.086336,ZTF18aabtxvd,0.17146161000000001
1746475993915010000,1,2459500.9759954,19.887655,ZTF18aabtxvd,0.16952209000000001
1746447240015010000,1,2459500.9472454,19.173147,ZTF18aahqkbt,0.14318739
1742387310015010000,1,2459496.8873148,19.212753,ZTF18aahqkbt,0.120602235
1735495230015010000,1,2459489.9952315,19.217522,ZTF18aahqkbt,0.1174359
1733492960015010000,2,2459487.992963,19.47652,ZTF18aahqkbt,0.18355711
1720452410015010000,1,2459474.952419,19.192959,ZTF18aahqkbt,0.10903448
1720451483915010000,1,2459474.9514815,20.027212,ZTF18aabtxvd,0.19378985
1718454290015010000,1,2459472.954294,18.67858,ZTF18aahqkbt,0.10914498
1709297730815015004,2,2459463.7977315,19.950455,ZTF20abfcszi,0.11967755000000001
1681258590815015002,2,2459435.7585995,20.303152,ZTF20abfcszi,0.18733062
1622361940115015035,1,2459376.8619444,20.347538,ZTF18acaqdaa,0.20823291
1616391230115015027,1,2459370.8912384,20.624462,ZTF18acaqdaa,0.19645754
1615214994415015007,1,2459369.715,20.284573,ZTF20abnorit,0.1933712
1611194694415015008,1,2459365.6946991,20.269466,ZTF20abnorit,0.19892454
1607242330515010004,1,2459361.742338,16.473036,ZTF18acpdvos,0.035880137
1594245904415015010,1,2459348.7459028,20.177862,ZTF20abnorit,0.15957591000000002
1594214020515010018,1,2459348.7140278,16.477158,ZTF18acpdvos,0.029674511
1592291564415015004,2,2459346.7915625,20.304777,ZTF20abnorit,0.20375924
1590289404415015008,1,2459344.7894097,20.14891,ZTF20abnorit,0.16623469
1590223684415015015,2,2459344.7236806,20.571129,ZTF20abnorit,0.17690194
1590173990515010015,1,2459344.6739931,16.478882,ZTF18acpdvos,0.032706346000000004
1589394450115015124,1,2459343.894456,20.818512,ZTF18acaqdaa,0.20330706
1588257464415015008,2,2459342.7574653,20.33262,ZTF20abnorit,0.1638464
1588236924415015010,1,2459342.7369213,20.149624,ZTF20abnorit,0.19762015
1588227770515010023,1,2459342.7277778,16.46212,ZTF18acpdvos,0.029636104000000003
1586214954415015005,1,2459340.7149537,20.144028,ZTF20abnorit,0.20647906
1586188330515010018,1,2459340.6883333,16.47296,ZTF18acpdvos,0.033340003
1584299054415015013,1,2459338.7990509,20.354872,ZTF20abnorit,0.17894815
1584239034415015013,2,2459338.7390394,20.332607,ZTF20abnorit,0.15636665
1584178430015010000,1,2459338.6784375,19.018183,ZTF18aahqkbt,0.08401648
1584170960515010014,1,2459338.6709606,16.49778,ZTF18acpdvos,0.027414994
1582218093915010000,1,2459336.7180903,20.006516,ZTF18aabtxvd,0.19730422
1581255774415015008,1,2459335.7557755,20.17268,ZTF20abnorit,0.17846403
1581221300015010000,1,2459335.7213079,19.093315,ZTF18aahqkbt,0.121945284
1581213790515010010,1,2459335.7137963,16.468561,ZTF18acpdvos,0.032617245
1575180990015010000,1,2459329.6809954,19.18622,ZTF18aahqkbt,0.17836863
1571206820015010000,1,2459325.7068287,19.022825,ZTF18aahqkbt,0.11501707
1567289434415015013,2,2459321.7894329,20.231241,ZTF20abnorit,0.1961523
1567255254415015021,1,2459321.7552546,20.01863,ZTF20abnorit,0.1592806
1565246400015010001,1,2459319.7464005,19.1193,ZTF18aahqkbt,0.077982955
1563195944415015017,2,2459317.6959491,20.234898,ZTF20abnorit,0.13584459000000002
1563185633915010000,1,2459317.6856366,19.97625,ZTF18aabtxvd,0.17752431
1563175944415015015,1,2459317.6759491,19.981031,ZTF20abnorit,0.1131938
1563172540515010026,1,2459317.6725463,16.48627,ZTF18acpdvos,0.031637117
1562221490015010000,1,2459316.7214931,19.160498,ZTF18aahqkbt,0.07465295
1561228324415015016,1,2459315.7283218,19.90152,ZTF20abnorit,0.12073556
1561206523915010000,1,2459315.7065278,19.959265,ZTF18aabtxvd,0.1783025
1561193270515010012,1,2459315.6932755,16.497173,ZTF18acpdvos,0.032666225
1560219870015010000,1,2459314.7198727,19.174175,ZTF18aahqkbt,0.08415395
1559248874415015013,1,2459313.7488773,19.853085,ZTF20abnorit,0.13176173
1558261050015010001,2,2459312.7610532,20.065544,ZTF18aahqkbt,0.18088995
1558204820015010001,1,2459312.7048264,19.08138,ZTF18aahqkbt,0.07857326
1555254224415015025,2,2459309.7542245,20.25431,ZTF20abnorit,0.17502798
1555194654415015010,1,2459309.6946528,19.819155,ZTF20abnorit,0.10850307000000001
1555170500515010010,1,2459309.6705093,16.487886,ZTF18acpdvos,0.037469920000000004
1554238170015010000,1,2459308.7381713,19.234932,ZTF18aahqkbt,0.0837835
1553309284415015015,1,2459307.8092824,19.773363,ZTF20abnorit,0.14303425
1553245434415015012,2,2459307.7454398,20.017706,ZTF20abnorit,0.16025569
1553156040515010017,1,2459307.6560417,16.486197,ZTF18acpdvos,0.042270955000000006
1552286700015010000,1,2459306.7867014,19.180979,ZTF18aahqkbt,0.09379563
1551292020515010007,1,2459305.7920255,16.476210000000002,ZTF18acpdvos,0.0281286
1550235904415015005,1,2459304.7359028,19.755875,ZTF20abnorit,0.1750907
1550204270015010000,1,2459304.7042708,19.079765,ZTF18aahqkbt,0.13840562
1550163540015010000,2,2459304.6635417,19.477535,ZTF18aahqkbt,0.11654626
1542285240015010000,1,2459296.7852431,19.076674,ZTF18aahqkbt,0.15863506
1540164270015010000,1,2459294.6642708,19.136656,ZTF18aahqkbt,0.11784834400000001
1539297174415015015,1,2459293.7971759,19.539322,ZTF20abnorit,0.10849552600000001
1539236774415015006,2,2459293.7367708,20.070618,ZTF20abnorit,0.14823854
1539154613915010000,1,2459293.6546181,20.27024,ZTF18aabtxvd,0.18918158000000002
1538181460015010005,1,2459292.6814699,19.166082,ZTF18aahqkbt,0.114673
1537337074415015008,2,2459291.8370718,19.886066,ZTF20abnorit,0.13463609
1537286784415015021,1,2459291.7867824,19.638878,ZTF20abnorit,0.12856479
1536220970015010001,1,2459290.7209722,19.127161,ZTF18aahqkbt,0.0873072
1527291114415015021,2,2459281.7911111,19.957207,ZTF20abnorit,0.11872066
1526213020015010001,1,2459280.7130208,19.17446,ZTF18aahqkbt,0.07749157400000001
1524425564415015008,2,2459278.9255671,19.630056,ZTF20abnorit,0.12999073
1522215320015010000,1,2459276.7153241,19.207876,ZTF18aahqkbt,0.07260236
1521309090515010009,1,2459275.8090972,16.469236,ZTF18acpdvos,0.029778179000000002
1521223434415015007,1,2459275.7234375,19.64229,ZTF20abnorit,0.20016474
1521167143915010000,1,2459275.6671412,20.066072,ZTF18aabtxvd,0.17245005
1520162850015010000,1,2459274.6628588,19.206266,ZTF18aahqkbt,0.17707297
1519377370515010017,1,2459273.8773727,16.496874,ZTF18acpdvos,0.043047417000000004
1518180430015010004,1,2459272.6804398,19.129953,ZTF18aahqkbt,0.18155213
1516254050515010003,1,2459270.7540509,16.498938,ZTF18acpdvos,0.033010934
1514489884415015011,1,2459268.9898843,19.526594,ZTF20abnorit,0.10615411
1514350164415015011,2,2459268.850162,19.679907,ZTF20abnorit,0.1492498
1514226010515010005,1,2459268.7260185,16.486176,ZTF18acpdvos,0.030393258000000003
1512278690515010017,1,2459266.7786921,16.454979,ZTF18acpdvos,0.030974982
1512154890015010000,1,2459266.6548958,19.10355,ZTF18aahqkbt,0.14313541
1506193943915010000,1,2459260.6939468,20.151218,ZTF18aabtxvd,0.2111509
1504371150515010010,1,2459258.8711574,16.467464,ZTF18acpdvos,0.038141385
1503138690815015003,2,2459257.6386921,19.875849,ZTF20abfcszi,0.1981102
1502492304415015005,1,2459256.9923032,19.473736,ZTF20abnorit,0.09427182
1502398154415015012,2,2459256.8981597,19.802044,ZTF20abnorit,0.10753054000000001
1502297283915010000,1,2459256.7972801,19.894482,ZTF18aabtxvd,0.1395325
1502138144115015004,1,2459256.6381481,20.248808,ZTF20abfcszi,0.19031966
1500443774415015026,1,2459254.9437731,19.647612,ZTF20abnorit,0.19630371
1500399754415015011,2,2459254.8997569,20.04573,ZTF20abnorit,0.13088131
1500226523915010000,1,2459254.7265278,20.060972,ZTF18aabtxvd,0.12288125
1500212404115015006,1,2459254.7124074,20.018093,ZTF20abfcszi,0.17414029
1499237580015010000,1,2459253.737581,19.134695,ZTF18aahqkbt,0.08602013
1499155390815015006,2,2459253.6553935,19.688457,ZTF20abfcszi,0.1839171
1498491934415015018,1,2459252.9919329,19.520224,ZTF20abnorit,0.09341413
1498320244415015008,2,2459252.8202431,19.676205,ZTF20abnorit,0.11713869
1498250033915010000,1,2459252.7500347,19.92806,ZTF18aabtxvd,0.14487339999999999
1498188624115015003,2,2459252.6886227,19.927511,ZTF20abfcszi,0.15825042
1497264450015010002,1,2459251.764456,19.177275,ZTF18aahqkbt,0.07765677600000001
1497217680015010000,2,2459251.7176852,19.64929,ZTF18aahqkbt,0.11657573
1497197980815015005,2,2459251.6979861,19.602804,ZTF20abfcszi,0.12560757
1497154320815015005,1,2459251.6543287,20.191044,ZTF20abfcszi,0.20643464
1496379244415015011,2,2459250.8792477,19.770414,ZTF20abnorit,0.13437733
1496368134415015013,1,2459250.8681366,19.568666,ZTF20abnorit,0.107176356
1494463714415015008,1,2459248.9637153,19.413738,ZTF20abnorit,0.11460986000000001
1494420944415015011,2,2459248.9209491,19.844534,ZTF20abnorit,0.16051269999999998
1494226603915010000,1,2459248.7266088,20.00497,ZTF18aabtxvd,0.21201035000000001
1478283373915010001,1,2459232.7833796,19.968641,ZTF18aabtxvd,0.13559738
1478266400815015001,1,2459232.7664005,19.829828,ZTF20abfcszi,0.13177617
1478155480815015005,2,2459232.6554861,19.928186,ZTF20abfcszi,0.1331794
1478113503915015004,1,2459232.6135069,20.178942,ZTF20abowque,0.16668262
1477464434415015016,2,2459231.9644329,19.818039,ZTF20abnorit,0.10025547
1477422364415015012,1,2459231.9223611,19.339735,ZTF20abnorit,0.07628392
1477324930015010000,2,2459231.8249306,19.555204,ZTF18aahqkbt,0.14091025000000001
1477261800015010002,1,2459231.7618056,19.153078,ZTF18aahqkbt,0.07769326
1476411933915010000,1,2459230.9119329,20.258888,ZTF18aabtxvd,0.16638221
1476234680815015004,2,2459230.7346875,19.80342,ZTF20abfcszi,0.19506258
1476195520815015003,1,2459230.6955208,19.775965,ZTF20abfcszi,0.13196921
1475314620015010003,1,2459229.8146296,19.0737,ZTF18aahqkbt,0.100230016
1474421950515010015,1,2459228.921956,16.476547,ZTF18acpdvos,0.025410283000000002
1474263313915010000,1,2459228.7633102,20.035389,ZTF18aabtxvd,0.1965625
1474253980815015004,1,2459228.7539815,19.972643,ZTF20abfcszi,0.18425189
1474235410815015004,2,2459228.7354167,19.533516,ZTF20abfcszi,0.15920119
1472311643915010000,1,2459226.8116435,20.07597,ZTF18aabtxvd,0.20500588
1472257920815015010,2,2459226.7579282,19.50439,ZTF20abfcszi,0.14122163000000001
1471443664415015011,1,2459225.943669,19.203682,ZTF20abnorit,0.12622964
1471411654415015016,2,2459225.9116551,19.59873,ZTF20abnorit,0.14458755
1471339780015010001,1,2459225.8397801,19.177456,ZTF18aahqkbt,0.07928794
1470422173915010000,1,2459224.9221759,20.058659,ZTF18aabtxvd,0.18648364
1470250870815015002,2,2459224.7508796,19.658487,ZTF20abfcszi,0.12605144000000001
1470197434115015002,1,2459224.6974306,19.8568,ZTF20abfcszi,0.18198155
1469469384415015014,2,2459223.9693866,19.541904,ZTF20abnorit,0.16345917000000001
1469402024415015006,1,2459223.9020255,19.296125,ZTF20abnorit,0.11437464
1469343250015010000,1,2459223.8432523,19.087427,ZTF18aahqkbt,0.07785347000000001
1468411573915010000,1,2459222.9115741,19.96386,ZTF18aabtxvd,0.13437894
1468284390815015008,1,2459222.7843981,19.907936,ZTF20abfcszi,0.17432809
1468268410815015002,2,2459222.7684144,19.671278,ZTF20abfcszi,0.13852228
1467463834415015007,1,2459221.963831,19.117813,ZTF20abnorit,0.104698144
1467426894415015011,2,2459221.9268981,19.60287,ZTF20abnorit,0.13671227
1467353360015010001,1,2459221.8533681,19.15236,ZTF18aahqkbt,0.07178834
1466269664115015004,1,2459220.7696644,19.938175,ZTF20abfcszi,0.20611931
1466236090815015009,2,2459220.7360995,19.526585,ZTF20abfcszi,0.21131071
1465475994415015010,2,2459219.9759954,19.484478,ZTF20abnorit,0.15042838
1465441074415015006,1,2459219.9410764,19.29233,ZTF20abnorit,0.1194927
1465283110015010001,1,2459219.7831134,19.190681,ZTF18aahqkbt,0.08041253
1464299104115015002,2,2459218.7991088,19.693998,ZTF20abfcszi,0.21299766
1464264903915010000,1,2459218.7649074,20.03575,ZTF18aabtxvd,0.19937785
1464255060815015003,1,2459218.7550694,19.886242,ZTF20abfcszi,0.20588326
1464220574115015003,1,2459218.7205787,20.060295,ZTF20abfcszi,0.21003275000000002
1462296420815015005,2,2459216.7964236,19.768757,ZTF20abfcszi,0.18214388
1457141375815015003,2,2459211.6413773,18.72852,ZTF20acqoiyt,0.15215479
1456300260815015002,2,2459210.8002662,19.171015,ZTF20abfcszi,0.1601781
1456238950815015003,1,2459210.7389583,19.700994,ZTF20abfcszi,0.20182137
1452413874415015003,1,2459206.9138773,19.250883,ZTF20abnorit,0.21189465000000002
1452388200015010000,1,2459206.888206,19.176083,ZTF18aahqkbt,0.19615431
1451434130515010001,1,2459205.9341319,16.439627,ZTF18acpdvos,0.105531074
1451395103915010000,1,2459205.8951042,20.15683,ZTF18aabtxvd,0.16635965
1451130015815015006,2,2459205.6300116,18.421974,ZTF20acqoiyt,0.082541846
1451096525815015003,1,2459205.5965278,18.53381,ZTF20acqoiyt,0.07688807
1450442590015010001,1,2459204.9425926,19.183483,ZTF18aahqkbt,0.06777877
1450314224115015002,1,2459204.8142245,19.849882,ZTF20abfcszi,0.18258163
1450313760815015004,1,2459204.8137616,19.741735,ZTF20abfcszi,0.14860706
1450288900815015008,2,2459204.7889005,19.492653,ZTF20abfcszi,0.12602495
1449484754415015011,2,2459203.9847569,19.39758,ZTF20abnorit,0.14367738
1449402964415015003,1,2459203.902963,19.102392,ZTF20abnorit,0.11152947
1448402030015010001,2,2459202.902037,19.548798,ZTF18aahqkbt,0.15222341
1448361670015010003,1,2459202.8616782,19.15524,ZTF18aahqkbt,0.090321
1446516964415015004,2,2459201.0169676,19.238605,ZTF20abnorit,0.18194639999999998
1446447924415015004,1,2459200.9479282,19.171663,ZTF20abnorit,0.16334839
1445428240015010001,1,2459199.9282407,19.092426,ZTF18aahqkbt,0.07227259
1445124165815015003,2,2459199.6241667,18.128061,ZTF20acqoiyt,0.08150965
1444517840515010027,1,2459199.0178472,16.490044,ZTF18acpdvos,0.030953770000000002
1444506234415015010,1,2459199.0062384,19.088322,ZTF20abnorit,0.082889445
1444486124415015013,2,2459198.9861227,19.398561,ZTF20abnorit,0.11671202
1444371923915010000,1,2459198.8719213,20.039806,ZTF18aabtxvd,0.16888129999999998
1444347320815015005,1,2459198.8473264,19.937197,ZTF20abfcszi,0.16410875
1444161294115015003,1,2459198.6612963,19.607590000000002,ZTF20abfcszi,0.19233082
1444131214115015001,2,2459198.6312153,19.568998,ZTF20abfcszi,0.17178975
1442435340015010002,1,2459196.9353472,19.155655,ZTF18aahqkbt,0.07323182
1442270680815015006,2,2459196.7706829,19.107882,ZTF20abfcszi,0.19038704
1441184533915015011,1,2459195.684537,20.048704,ZTF20abowque,0.18587008
1440533544415015020,1,2459195.0335417,19.15214,ZTF20abnorit,0.08811857000000001
1440517514415015009,2,2459195.0175116,19.56434,ZTF20abnorit,0.14193165
1440429710015010001,1,2459194.9297106,19.13977,ZTF18aahqkbt,0.086981535
1440418195615015000,1,2459194.9181944,19.108337,ZTF17aaazdba,0.21017377
1440181145815015003,1,2459194.6811458,17.7833,ZTF20acqoiyt,0.10095289
1440151400815015011,2,2459194.6514005,19.671453,ZTF20abfcszi,0.18392599
1439362953915010000,1,2459193.8629514,19.936504,ZTF18aabtxvd,0.14556912
1438458270215010046,2,2459192.9582755,17.254578,ZTF17aaazdba,0.11309711
1438385410015010001,1,2459192.8854167,19.114088,ZTF18aahqkbt,0.11425539
1438195740815015010,1,2459192.6957407,19.568398,ZTF20abfcszi,0.16572109000000002
1436369463915010000,1,2459190.8694676,19.98097,ZTF18aabtxvd,0.20333415
1435247234115015003,2,2459189.7472338,19.711569,ZTF20abfcszi,0.19668415
1435213653915015007,2,2459189.7136574,20.167137,ZTF20abowque,0.16914894
1435169545815015004,2,2459189.6695486,17.8302,ZTF20acqoiyt,0.07048335
1435164014115015007,1,2459189.6640162,19.680687,ZTF20abfcszi,0.21141161
1435110335815015003,1,2459189.6103356,17.65492,ZTF20acqoiyt,0.053979788
1434540564415015005,1,2459189.0405671,18.947554,ZTF20abnorit,0.10162336
1433385280015010000,1,2459187.8852894,19.119562,ZTF18aahqkbt,0.16081096
1433169895815015004,2,2459187.6698958,17.920393,ZTF20acqoiyt,0.06442169
1433135654115015006,1,2459187.6356597,19.67921,ZTF20abfcszi,0.16997105
1433110410815015003,1,2459187.6104167,19.7702,ZTF20abfcszi,0.16693102
1430510014415015011,2,2459185.0100116,19.354061,ZTF20abnorit,0.1269738
1430148955815015002,1,2459184.6489583,17.97949,ZTF20acqoiyt,0.065085426
1428197235815015004,2,2459182.6972338,18.212505,ZTF20acqoiyt,0.07232883
1428155055815015001,1,2459182.6550579,18.02933,ZTF20acqoiyt,0.08606985
1427514970015010000,1,2459182.0149769,19.109276,ZTF18aahqkbt,0.11391095
1427506204415015004,1,2459182.0062037,18.906652,ZTF20abnorit,0.12356404
1427493774415015005,2,2459181.9937731,19.392056,ZTF20abnorit,0.12903716
1427111460815015001,2,2459181.6114699,19.29133,ZTF20abfcszi,0.17266907
1425486144415015013,1,2459179.9861458,19.016277,ZTF20abnorit,0.08870372
1425483290515010017,1,2459179.9832986,16.472998,ZTF18acpdvos,0.033563517
1425472740015010000,1,2459179.9727431,19.13081,ZTF18aahqkbt,0.07917872000000001
1425322410815015004,2,2459179.822419,19.181242,ZTF20abfcszi,0.13321155
1424197835815015220,2,2459178.6978356,18.374577,ZTF20acqoiyt,0.08094720500000001
1424158055815015002,1,2459178.6580556,18.293406,ZTF20acqoiyt,0.094591305
1422553134415015007,2,2459177.0531366,19.255379,ZTF20abnorit,0.0936361
1422506644415015009,1,2459177.0066435,18.958014,ZTF20abnorit,0.074577354
1422502890515010018,1,2459177.0028935,16.488003,ZTF18acpdvos,0.030229734
1422498192515015006,1,2459176.9981944,20.149366,ZTF20acitpfz,0.15478693000000002
1422495840015010001,1,2459176.9958449,19.140661,ZTF18aahqkbt,0.07310851
1422432150015010000,2,2459176.9321528,19.747948,ZTF18aahqkbt,0.19430419999999998
1422365850815015004,1,2459176.8658565,19.587654,ZTF20abfcszi,0.12885185
1422365384115015003,1,2459176.8653819,19.585337,ZTF20abfcszi,0.11581193000000001
1422325984115015004,2,2459176.8259838,19.676607,ZTF20abfcszi,0.19470191
1422294950815015005,2,2459176.7949537,19.674784,ZTF20abfcszi,0.18256974
1420528480515010004,1,2459175.0284838,16.476336,ZTF18acpdvos,0.049941972
1418233650815015004,1,2459172.7336574,19.630077,ZTF20abfcszi,0.13009116
1418228764115015004,1,2459172.7287616,19.621477,ZTF20abfcszi,0.11371221000000001
1418117335815015004,1,2459172.617338,18.560106,ZTF20acqoiyt,0.07863195
1417264153915015005,1,2459171.7641551,19.839611,ZTF20abowque,0.18167666000000002
1416547774415015009,2,2459171.0477778,19.101585,ZTF20abnorit,0.10534104
1416482870515010015,1,2459170.9828704,16.484772,ZTF18acpdvos,0.02972002
1416475134415015006,1,2459170.9751389,18.81666,ZTF20abnorit,0.099846974
1416450870015010000,1,2459170.9508796,19.135218,ZTF18aahqkbt,0.09095271
1416444713915010000,1,2459170.9447106,20.037996,ZTF18aabtxvd,0.14966407
1416217264115015005,1,2459170.7172685,19.458923,ZTF20abfcszi,0.14403728
1416203680815015006,1,2459170.7036806,19.66835,ZTF20abfcszi,0.14279623
1416163775815015006,1,2459170.6637731,19.004456,ZTF20acqoiyt,0.10439219999999999
1416135964115015003,2,2459170.6359606,19.382149,ZTF20abfcszi,0.13862808000000001
1416135480815015005,2,2459170.6354861,19.508156,ZTF20abfcszi,0.12343290400000001
1416107885815015009,2,2459170.6078819,19.20861,ZTF20acqoiyt,0.103232786
1415532592515015011,2,2459170.0325926,19.65672,ZTF20acitpfz,0.14420237
1415493062515015005,1,2459169.9930671,20.00164,ZTF20acitpfz,0.16963306
1415278793915015010,2,2459169.7787963,20.256844,ZTF20abowque,0.17935826
1415249763915015010,1,2459169.7497685,19.796799,ZTF20abowque,0.16141439999999999
1414537224415015014,2,2459169.0372222,19.158274,ZTF20abnorit,0.09420017
1414519520515010023,1,2459169.0195255,16.4795,ZTF18acpdvos,0.025831265000000003
1414508254415015008,1,2459169.0082523,18.789745,ZTF20abnorit,0.06404652
1414477013915010001,1,2459168.9770139,20.028847,ZTF18aabtxvd,0.18864024000000001
1414473690015010001,1,2459168.9736921,19.183235,ZTF18aahqkbt,0.07467472
1414464865615015001,1,2459168.9648611,19.152569,ZTF17aaazdba,0.17688231000000001
1414205794115015005,1,2459168.7057986,19.550272,ZTF20abfcszi,0.11186915
1414205320815015004,1,2459168.7053241,19.486832,ZTF20abfcszi,0.1101052
1414136384115015008,2,2459168.6363889,19.58016,ZTF20abfcszi,0.13142286
1414100985815015005,1,2459168.6009838,19.690351,ZTF20acqoiyt,0.15939704
1413524162515015002,1,2459168.0241667,19.506037,ZTF20acitpfz,0.113705106
1413490942515015002,2,2459167.9909491,19.426487,ZTF20acitpfz,0.11424227
1413237233915015009,2,2459167.7372338,19.99983,ZTF20abowque,0.18416449999999998
1413232210815015005,2,2459167.7322106,19.243599,ZTF20abfcszi,0.122241415
1412387804115015002,1,2459166.8878009,19.5251,ZTF20abfcszi,0.14977604
1412298534115015007,2,2459166.7985301,19.446125,ZTF20abfcszi,0.13170524
1411522590515010015,1,2459166.0225926,16.478249,ZTF18acpdvos,0.038442146
1411516934415015013,1,2459166.0169329,18.792727,ZTF20abnorit,0.07028226
1411485844415015005,2,2459165.9858449,19.138727,ZTF20abnorit,0.08179860600000001
1411449250015010001,1,2459165.9492593,19.282927,ZTF18aahqkbt,0.07218022
1411445973915010001,1,2459165.9459722,19.951834,ZTF18aabtxvd,0.13916524
1411427312515015003,2,2459165.9273148,18.942581,ZTF20acitpfz,0.08876315
1411388572515015004,1,2459165.8885764,18.991598,ZTF20acitpfz,0.07470496
1411324240815015007,2,2459165.8242477,19.400396,ZTF20abfcszi,0.10367223
1411232743915015011,2,2459165.7327431,20.11465,ZTF20abowque,0.16596149000000002
1411176740815015004,1,2459165.6767477,19.786821,ZTF20abfcszi,0.13901155
1410441224115015003,1,2459164.9412269,19.553205,ZTF20abfcszi,0.15876402
1410440270815015006,1,2459164.9402778,19.330883,ZTF20abfcszi,0.09883357
1410299384115015008,2,2459164.7993866,19.539537,ZTF20abfcszi,0.15867017
1410298910815015005,2,2459164.798912,19.231968,ZTF20abfcszi,0.12757494
1409441423915010000,1,2459163.9414236,20.131298,ZTF18aabtxvd,0.16460827
1405492104415015010,2,2459159.9921065,19.0184,ZTF20abnorit,0.123306625
1404516922515015004,2,2459159.0169213,18.423563,ZTF20acitpfz,0.08036417500000001
1404498550515010007,1,2459158.9985532,16.486185,ZTF18acpdvos,0.032842413
1404491332515015001,1,2459158.991331,18.222061,ZTF20acitpfz,0.08869241
1404205570815015002,1,2459158.7055787,19.652411999999998,ZTF20abfcszi,0.20678723000000002
1403494164415015005,2,2459157.9941667,19.21555,ZTF20abnorit,0.15690348
1402531972515015001,2,2459157.0319792,18.262173,ZTF20acitpfz,0.08061394
1402500170515010006,1,2459157.0001736,16.495737,ZTF18acpdvos,0.034189418
1402493362515015001,1,2459156.9933681,18.212406,ZTF20acitpfz,0.072970115
1402470240015010000,1,2459156.9702431,19.2697,ZTF18aahqkbt,0.18724047
1401488504415015007,2,2459155.9885069,18.963314,ZTF20abnorit,0.13584122
1401175330815015004,1,2459155.6753356,19.3426,ZTF20abfcszi,0.16167538
1400360034115015002,1,2459154.8600347,19.17464,ZTF20abfcszi,0.1734927
1400172694115015003,2,2459154.6726968,19.373703,ZTF20abfcszi,0.2140446
1399524460515010004,1,2459154.0244676,16.477121,ZTF18acpdvos,0.028399892000000003
1399520050015010000,1,2459154.0200579,19.287323,ZTF18aahqkbt,0.1519833
1399515722515015002,1,2459154.0157292,17.966238,ZTF20acitpfz,0.07225014
1399490202515015001,2,2459153.9902083,18.1197,ZTF20acitpfz,0.055093233000000005
1398545874415015005,1,2459153.0458796,18.6058,ZTF20abnorit,0.120642334
1398508140515010007,1,2459153.0081481,16.490625,ZTF18acpdvos,0.028924886
1398398060815015002,2,2459152.8980671,18.948013,ZTF20abfcszi,0.11767751
1398256314115015004,1,2459152.7563194,19.12748,ZTF20abfcszi,0.12650315
1398219094115015006,2,2459152.7190972,19.212908,ZTF20abfcszi,0.1669414
1397493770015010000,1,2459151.9937731,19.158413,ZTF18aahqkbt,0.11190517
1397476030515010016,1,2459151.9760301,16.467052,ZTF18acpdvos,0.03354471
1397449062515015002,2,2459151.9490625,18.132904,ZTF20acitpfz,0.0638162
1397392412515015002,1,2459151.892419,17.936352,ZTF20acitpfz,0.083843865
1397337620815015001,2,2459151.8376273,19.186966,ZTF20abfcszi,0.14161302
1397159780815015003,1,2459151.6597801,19.14612,ZTF20abfcszi,0.13198419
1392498020515010002,1,2459146.9980208,16.439621,ZTF18acpdvos,0.12578759
1390504810515010013,1,2459145.0048148,16.479403,ZTF18acpdvos,0.035045985
1390462900815015002,1,2459144.9629051,19.148327,ZTF20abfcszi,0.077722624
1390407263915015006,2,2459144.9072685,19.848463,ZTF20abowque,0.106259316
1390356794115015009,1,2459144.856794,19.098375,ZTF20abfcszi,0.07321998
1390339273915015023,1,2459144.8392708,19.695522,ZTF20abowque,0.11892266600000001
1390216900815015008,2,2459144.7169097,19.054922,ZTF20abfcszi,0.11143889
1390216434115015012,2,2459144.7164352,19.154898,ZTF20abfcszi,0.12349301
1389512693915010000,1,2459144.0126968,20.005955,ZTF18aabtxvd,0.16539742000000002
1389492152515015003,2,2459143.9921528,18.899996,ZTF20acitpfz,0.07470623
1389431430015010000,1,2459143.9314352,19.09026,ZTF18aahqkbt,0.07673365600000001
1389429972515015004,1,2459143.9299769,18.607367,ZTF20acitpfz,0.06763361
1389351521615015004,2,2459143.8515278,20.019917,ZTF19abzrhgq,0.14477888
1388402910815015010,1,2459142.9029167,18.992243,ZTF20abfcszi,0.08134606500000001
1388402444115015003,1,2459142.9024421,19.053165,ZTF20abfcszi,0.06318831400000001
1388358473915015008,2,2459142.8584722,19.984245,ZTF20abowque,0.1415094
1387487242515015004,2,2459141.9872454,19.354818,ZTF20acitpfz,0.14183909
1387453952515015004,1,2459141.9539583,19.055447,ZTF20acitpfz,0.0910888
1387451150015010000,1,2459141.9511574,19.205187,ZTF18aahqkbt,0.08977851
1387445373915010001,1,2459141.9453704,19.940908,ZTF18aabtxvd,0.17266983
1386301573915015011,1,2459140.8015741,19.74331,ZTF20abowque,0.15389268
1386280694115015001,1,2459140.7806944,19.033937,ZTF20abfcszi,0.079181865
1386238244115015011,2,2459140.7382407,19.072731,ZTF20abfcszi,0.089475736
1386237760815015003,2,2459140.7377662,19.27274,ZTF20abfcszi,0.11919699600000001
1386199970815015008,1,2459140.6999769,19.018612,ZTF20abfcszi,0.08297769
1385493642515015004,2,2459139.9936458,19.400162,ZTF20acitpfz,0.14888676
1385447843915010000,1,2459139.9478472,20.070387,ZTF18aabtxvd,0.18656702
1385410872515015003,1,2459139.9108796,18.936626,ZTF20acitpfz,0.11366878400000001
1384359473915015010,1,2459138.8594792,19.584536,ZTF20abowque,0.15232445
1384240810815015009,1,2459138.7408102,18.918308,ZTF20abfcszi,0.10722029999999999
1384240334115015005,1,2459138.7403356,18.92734,ZTF20abfcszi,0.093501575
1383507082515015003,2,2459138.0070833,19.31222,ZTF20acitpfz,0.13009723
1383468060015010000,1,2459137.9680671,19.11971,ZTF18aahqkbt,0.08874706
1383465713915010000,1,2459137.9657176,20.007612,ZTF18aabtxvd,0.1590222
1383450522515015006,1,2459137.9505208,19.060587,ZTF20acitpfz,0.09646579
1382501620815015007,2,2459137.0016204,18.8124,ZTF20abfcszi,0.08742712400000001
1382469654115015003,2,2459136.9696528,18.909546,ZTF20abfcszi,0.07468096
1382456054115015009,1,2459136.9560532,18.949968,ZTF20abfcszi,0.08294971
1382395743915015016,1,2459136.8957407,19.576462,ZTF20abowque,0.11122373
1382314683915015012,2,2459136.8146875,19.940077,ZTF20abowque,0.11139987
1382243090815015005,1,2459136.7430903,18.926603,ZTF20abfcszi,0.0871628
1380452244115015005,2,2459134.9522454,18.885958,ZTF20abfcszi,0.12312992
1380429400815015003,2,2459134.9294097,18.857048,ZTF20abfcszi,0.10335256
1380379503915015027,1,2459134.8795023,19.442644,ZTF20abowque,0.16853079
1380256494115015006,1,2459134.7564931,18.966145,ZTF20abfcszi,0.09788484
1380256010815015003,1,2459134.7560185,18.9055,ZTF20abfcszi,0.08815133600000001
1377343250815015002,1,2459131.8432523,18.822124,ZTF20abfcszi,0.13690259
1377327914115015011,1,2459131.8279167,18.685684,ZTF20abfcszi,0.10225946
1375315694115015006,1,2459129.8156944,18.792961,ZTF20abfcszi,0.10040215400000001
1375300000815015003,1,2459129.8,18.98795,ZTF20abfcszi,0.10599689999999999
1375242590815015040,2,2459129.7425926,18.9547,ZTF20abfcszi,0.10257066000000001
1375242114115015003,2,2459129.7421181,18.777567,ZTF20abfcszi,0.07706203
1372375110815015003,2,2459126.8751157,18.840088,ZTF20abfcszi,0.11017572
1372374654115015005,2,2459126.8746528,18.760712,ZTF20abfcszi,0.10839303600000001
1371413130815015001,1,2459125.9131366,18.77722,ZTF20abfcszi,0.10813924
1371412674115015004,1,2459125.9126736,18.73895,ZTF20abfcszi,0.10729495400000001
1371330114115015003,2,2459125.8301157,18.78625,ZTF20abfcszi,0.116760135
1370514430015010000,1,2459125.0144329,19.126514,ZTF18aahqkbt,0.12687036000000002
1370320930815015001,2,2459124.8209375,18.838879,ZTF20abfcszi,0.13811736
1370320464115015001,2,2459124.820463,18.753677,ZTF20abfcszi,0.10002943
1369322300815015002,2,2459123.8223032,18.928852,ZTF20abfcszi,0.14541137
1369321824115015005,2,2459123.8218287,18.825485,ZTF20abfcszi,0.13198023
1369201654115015001,1,2459123.7016551,18.795234999999998,ZTF20abfcszi,0.18013376
1367507960015010000,1,2459122.007963,19.189217,ZTF18aahqkbt,0.11435905
1367448783915015005,2,2459121.9487847,19.619469,ZTF20abowque,0.17357813
1367418123915015006,1,2459121.918125,19.357443,ZTF20abowque,0.17634277
1367397510815015004,1,2459121.8975116,18.649605,ZTF20abfcszi,0.09495705
1367383213915015004,1,2459121.8832176,19.485167,ZTF20abowque,0.19618553
1367356404115015002,1,2459121.8564005,18.774502,ZTF20abfcszi,0.13224086000000002
1366477700015010000,1,2459120.9777083,19.328579,ZTF18aahqkbt,0.117932774
1366330780815015006,1,2459120.830787,18.723215,ZTF20abfcszi,0.10418764500000001
1366329824115015003,1,2459120.8298264,18.730331,ZTF20abfcszi,0.10664468
1364452843915015012,1,2459118.9528472,19.489254,ZTF20abowque,0.11802937000000001
1363421003915015023,1,2459117.9210069,19.446672,ZTF20abowque,0.11340729000000001
1363383403915015015,2,2459117.8834028,19.784582,ZTF20abowque,0.116854146
1363358644115015015,2,2459117.8586458,18.650526,ZTF20abfcszi,0.07349931
1363346380815015006,2,2459117.8463889,18.709105,ZTF20abfcszi,0.08853912
1363328260815015005,1,2459117.8282639,18.86831,ZTF20abfcszi,0.0765436
1363327784115015004,1,2459117.8277894,18.71914,ZTF20abfcszi,0.078824505
1363311570015015029,1,2459117.8115741,20.2058,ZTF20abrnwfc,0.2028573
1362410753915015009,2,2459116.9107523,19.694427,ZTF20abowque,0.13391095
1362406973915015005,2,2459116.9069792,19.720495,ZTF20abowque,0.11922758
1362310633915015005,1,2459116.8106366,19.418133,ZTF20abowque,0.13015282
1361420240015015016,1,2459115.9202431,20.118439,ZTF20abrnwfc,0.17475668
1361392143915015009,2,2459115.8921412,19.703163,ZTF20abowque,0.10327341
1361339800015015028,2,2459115.8398032,20.397375,ZTF20abrnwfc,0.19646461
1360400983915015010,2,2459114.9009838,19.656626,ZTF20abowque,0.13185199
1360354073915015009,1,2459114.8540741,19.456774,ZTF20abowque,0.12883566
1360342874115015004,1,2459114.8428704,18.685358,ZTF20abfcszi,0.10554209
1360342390815015001,1,2459114.8423958,18.724188,ZTF20abfcszi,0.08291982
1360305374115015005,2,2459114.8053704,18.669037,ZTF20abfcszi,0.09574224
1360304890815015005,2,2459114.8048958,18.580797,ZTF20abfcszi,0.075788625
1359370554115015005,1,2459113.8705556,18.669203,ZTF20abfcszi,0.10233194400000001
1359317444115015005,2,2459113.8174421,18.677526,ZTF20abfcszi,0.06384468
1358357104115015005,2,2459112.8571065,18.699535,ZTF20abfcszi,0.055471446
1358329060015015022,1,2459112.8290625,20.037937,ZTF20abrnwfc,0.13688424
1358294324115015006,1,2459112.7943287,18.647392,ZTF20abfcszi,0.06242691400000001
1357435810815015002,2,2459111.9358102,18.71811,ZTF20abfcszi,0.07268453400000001
1357435344115015005,2,2459111.9353472,18.668736,ZTF20abfcszi,0.08766267
1357409960015015021,2,2459111.9099653,20.241863,ZTF20abrnwfc,0.20904432
1357399763915015017,2,2459111.8997685,19.682869,ZTF20abowque,0.11086155
1357372150015015016,1,2459111.8721528,20.000435,ZTF20abrnwfc,0.16401118
1357325404115015003,1,2459111.8254051,18.636454,ZTF20abfcszi,0.07899577
1357324930815015002,1,2459111.8249306,18.662924,ZTF20abfcszi,0.07124348
1356442024115015014,2,2459110.9420255,18.68936,ZTF20abfcszi,0.08907555
1356314424115015185,1,2459110.8144213,18.529823,ZTF20abfcszi,0.11750308400000001
1355425384115015010,2,2459109.9253819,18.49674,ZTF20abfcszi,0.09857254
1354470550815015003,2,2459108.9705556,18.542168,ZTF20abfcszi,0.0889981
1354373353915015005,1,2459108.8733565,19.354546,ZTF20abowque,0.16211918
1354361584115015012,1,2459108.8615856,18.67278,ZTF20abfcszi,0.10398038
1354361110815015005,1,2459108.8611111,18.667099,ZTF20abfcszi,0.1061389
1353379494115015006,1,2459107.8794907,18.695944,ZTF20abfcszi,0.08734807
1353305374115015003,2,2459107.8053704,18.653784,ZTF20abfcszi,0.10035501000000001
1352360424115015003,2,2459106.8604282,18.572979,ZTF20abfcszi,0.12921296000000002
1352320624115015006,1,2459106.820625,18.63661,ZTF20abfcszi,0.11437949
1348464814115015006,1,2459102.9648148,18.4339,ZTF20abfcszi,0.13768248
1343467924115015010,2,2459097.9679282,18.461486999999998,ZTF20abfcszi,0.09892917
1343401774115015004,1,2459097.9017708,18.392843,ZTF20abfcszi,0.07988321
1342422933915015008,2,2459096.9229398,19.309479,ZTF20abowque,0.19794579
1342349580815015006,2,2459096.8495833,18.445993,ZTF20abfcszi,0.08834741
1342349094115015008,2,2459096.8490972,18.522312,ZTF20abfcszi,0.09347175
1341482600015010000,1,2459095.9826042,18.906696,ZTF18aahqkbt,0.18128484
1340486410815015002,1,2459094.986412,18.380241,ZTF20abfcszi,0.09854986
1340485934115015003,1,2459094.9859375,18.253574,ZTF20abfcszi,0.09674967
1340404200815015000,2,2459094.9042014,18.670427,ZTF20abfcszi,0.12632179999999998
1340403724115015004,2,2459094.9037269,18.605497,ZTF20abfcszi,0.13909446
1340388440815015003,2,2459094.8884491,18.468842,ZTF20abfcszi,0.08710554
1340387974115015013,2,2459094.8879745,18.38091,ZTF20abfcszi,0.070920594
1339436900015015006,1,2459093.9369097,19.302454,ZTF20abrnwfc,0.1531985
1338507070015010000,1,2459093.0070718,19.144527,ZTF18aahqkbt,0.13354854
1338380384115015005,1,2459092.8803819,18.402565,ZTF20abfcszi,0.09434615
1338379900815015001,1,2459092.8799074,18.363543,ZTF20abfcszi,0.09063706
1338367140015015003,1,2459092.8671412,19.49443,ZTF20abrnwfc,0.19328508
1337419340815015000,1,2459091.9193403,18.425804,ZTF20abfcszi,0.09385459
1337418864115015016,1,2459091.9188657,18.413925,ZTF20abfcszi,0.073026516
1337414253915015005,1,2459091.9142593,19.02674,ZTF20abowque,0.13229884
1336469320015015026,2,2459090.9693287,19.8746,ZTF20abrnwfc,0.12999654
1336386440015015008,1,2459090.8864468,19.522635,ZTF20abrnwfc,0.15714242
1335476500015015014,2,2459089.9765046,19.836123,ZTF20abrnwfc,0.14540815
1335441310015015025,2,2459089.9413194,19.894613,ZTF20abrnwfc,0.13017872
1335412320015015011,1,2459089.9123264,19.453705,ZTF20abrnwfc,0.14458339
1335365200015015013,1,2459089.8652083,19.508432,ZTF20abrnwfc,0.15154159
1334514690015015006,1,2459089.0146991,19.29666,ZTF20abrnwfc,0.15277049
1334411494115015009,2,2459088.9114931,18.463518,ZTF20abfcszi,0.07043701000000001
1333472740015015011,1,2459087.9727431,19.503832,ZTF20abrnwfc,0.13787809
1333453410015015024,2,2459087.9534144,19.729532,ZTF20abrnwfc,0.14889869
1332504230015015022,1,2459087.0042361,19.426657,ZTF20abrnwfc,0.14127101
1332485060015015029,1,2459086.9850694,19.335878,ZTF20abrnwfc,0.09413391
1332453420015015021,2,2459086.9534259,19.721304,ZTF20abrnwfc,0.12388065000000001
1332395120015015022,2,2459086.8951273,19.828596,ZTF20abrnwfc,0.15499175
1331490760015015019,2,2459085.9907639,19.770817,ZTF20abrnwfc,0.14201826
1331441230015015022,1,2459085.9412384,19.348083,ZTF20abrnwfc,0.10811525
1331408370015015013,1,2459085.9083796,19.424969,ZTF20abrnwfc,0.11818609999999999
1330425593915015007,1,2459084.9255903,19.036205,ZTF20abowque,0.09267517
1329479430015015017,2,2459083.9794329,19.739147,ZTF20abrnwfc,0.20488209000000002
1328457450015015012,1,2459082.9574537,19.318357,ZTF20abrnwfc,0.12505655000000002
1328380340015015057,1,2459082.8803472,19.440193,ZTF20abrnwfc,0.1385284
1327479303915015006,1,2459081.9793056,19.006313,ZTF20abowque,0.11533531500000001
1327438693915015008,2,2459081.9386921,19.451385,ZTF20abowque,0.11463742
1326448460015015029,1,2459080.9484606,19.328274,ZTF20abrnwfc,0.12467959
1325457830015015029,2,2459079.9578356,19.825563,ZTF20abrnwfc,0.13069852
1323485110015015025,2,2459077.9851157,19.784609,ZTF20abrnwfc,0.14075008
1322481583915015012,1,2459076.9815856,18.91419,ZTF20abowque,0.08826561000000001
1322473180015015011,1,2459076.9731829,19.365429,ZTF20abrnwfc,0.11477972
1322466014115015007,1,2459076.9660185,18.249178,ZTF20abfcszi,0.058284927
1322461960015015014,1,2459076.9619676,19.408226,ZTF20abrnwfc,0.11988907
1322427010015015020,2,2459076.9270139,19.893723,ZTF20abrnwfc,0.20074134
1322422323915015008,2,2459076.9223264,19.35221,ZTF20abowque,0.10610627
1322416580015015046,2,2459076.9165856,19.8325,ZTF20abrnwfc,0.15815099999999999
1322387904115015005,2,2459076.8879051,18.385786,ZTF20abfcszi,0.07282489
1321477670015015017,2,2459075.9776736,19.785034,ZTF20abrnwfc,0.17466332
1321456790015015016,1,2459075.956794,19.443338,ZTF20abrnwfc,0.1663683
1319451064115015006,2,2459073.9510648,18.425325,ZTF20abfcszi,0.057965595
1319424240015015011,1,2459073.9242477,19.358582,ZTF20abrnwfc,0.129028
1319335754115015004,1,2459073.8357523,18.245878,ZTF20abfcszi,0.056959156000000004
1319228110915015009,1,2459073.7281134,19.06018,ZTF20abjwvae,0.090176344
1319184980915015002,2,2459073.6849884,19.337187,ZTF20abjwvae,0.12140752
1318213170915015008,1,2459072.7131713,19.045473,ZTF20abjwvae,0.09287604
1318177300915015017,2,2459072.6773032,19.230013,ZTF20abjwvae,0.1668221
1317213410915015010,1,2459071.7134144,19.086061,ZTF20abjwvae,0.092868745
1316212220915015007,1,2459070.7122222,19.032234,ZTF20abjwvae,0.08114675
1315423660815015003,2,2459069.923669,18.36313,ZTF20abfcszi,0.063007966
1315423194115015005,2,2459069.9231944,18.412968,ZTF20abfcszi,0.06676789
1315340784115015003,1,2459069.840787,18.276619,ZTF20abfcszi,0.058425102000000007
1315317540815015003,1,2459069.8175463,18.25694,ZTF20abfcszi,0.07346468
1315203360915015016,2,2459069.7033681,19.254133,ZTF20abjwvae,0.11075201
1315201962315015004,2,2459069.7019676,19.944384,ZTF20abefeab,0.17251524000000001
1315182652315015003,1,2459069.6826505,19.880163,ZTF20abefeab,0.15254587
1315182180915015013,1,2459069.6821875,19.019793,ZTF20abjwvae,0.08165589
1314192280915015005,1,2459068.6922801,18.997505,ZTF20abjwvae,0.08641934400000001
1313199070915015005,1,2459067.6990741,18.975155,ZTF20abjwvae,0.08225405
1313182680915015023,2,2459067.6826852,19.15107,ZTF20abjwvae,0.12081884600000001
1312472374115015005,2,2459066.9723727,18.358887,ZTF20abfcszi,0.06262844000000001
1312457190815015002,2,2459066.9571991,18.45634,ZTF20abfcszi,0.073771894
1312379274115015000,1,2459066.8792708,18.267113,ZTF20abfcszi,0.08471774
1312378790815015003,1,2459066.8787963,18.347992,ZTF20abfcszi,0.07967327
1312240130915015009,2,2459066.7401389,19.160011,ZTF20abjwvae,0.12493794
1312226452315015002,2,2459066.7264583,19.769255,ZTF20abefeab,0.17982374
1312196110915015004,1,2459066.6961111,18.942038,ZTF20abjwvae,0.10562772000000001
1312184612315015001,1,2459066.6846181,19.66311,ZTF20abefeab,0.15129109000000002
1311184402315015003,2,2459065.6844097,19.556316,ZTF20abefeab,0.17859419
1310462683915015002,1,2459064.9626852,18.971539,ZTF20abowque,0.19475052
1310416120815015003,2,2459064.9161227,18.518475,ZTF20abfcszi,0.08043362
1310415634115015001,2,2459064.9156366,18.250546,ZTF20abfcszi,0.08065496
1309429734115015001,1,2459063.9297338,18.27396,ZTF20abfcszi,0.11114386
1309429250815015008,1,2459063.9292593,18.292955,ZTF20abfcszi,0.098135866
1309237030915015003,1,2459063.737037,18.974178,ZTF20abjwvae,0.12486637
1309181740915015004,2,2459063.6817477,19.34324,ZTF20abjwvae,0.17110568
1309181282315015004,2,2459063.6812847,19.866081,ZTF20abefeab,0.1851367
1308226882315015001,2,2459062.7268866,19.791462,ZTF20abefeab,0.21335642
1308207072315015004,1,2459062.7070718,19.556246,ZTF20abefeab,0.18729337000000001
1303468634115015006,2,2459057.9686343,18.56167,ZTF20abfcszi,0.07906255
1303407180815015007,1,2459057.9071875,18.37209,ZTF20abfcszi,0.054434627000000006
1303406704115015002,1,2459057.9067014,18.344425,ZTF20abfcszi,0.06973863400000001
1303359710815015001,2,2459057.8597106,18.477821,ZTF20abfcszi,0.0611001
1303257100915015004,1,2459057.7571065,18.971497,ZTF20abjwvae,0.07446433
1303246572315015004,1,2459057.7465741,19.606585,ZTF20abefeab,0.13637158
1303175282315015002,2,2459057.6752894,19.812523,ZTF20abefeab,0.16464199000000002
1303173860915015011,2,2459057.6738657,19.169271,ZTF20abjwvae,0.11602142500000001
1300451904115015001,1,2459054.9519097,18.430805,ZTF20abfcszi,0.057547588000000004
1300451430815015004,1,2459054.9514352,18.467806,ZTF20abfcszi,0.056491733
1300410080815015004,2,2459054.910081,18.431065,ZTF20abfcszi,0.058330588
1300409594115015002,2,2459054.9095949,18.535835,ZTF20abfcszi,0.07643964
1300195620915015012,2,2459054.695625,19.364508,ZTF20abjwvae,0.11484445
1299340100115015017,1,2459053.8401042,20.437647,ZTF18acaqdaa,0.18405017
1298291792315015002,1,2459052.791794,19.624933,ZTF20abefeab,0.11669005
1297405230815015007,2,2459051.9052315,18.493067,ZTF20abfcszi,0.05847739800000001
1297404744115015005,2,2459051.9047454,18.60473,ZTF20abfcszi,0.074983254
1297365775515015007,2,2459051.8657755,19.950296,ZTF19aapreis,0.21212672
1297330784115015004,1,2459051.830787,18.483313,ZTF20abfcszi,0.074414015
1297330300815015003,1,2459051.8303009,18.434303,ZTF20abfcszi,0.07103694
1296193570915015008,1,2459050.6935764,19.300404,ZTF20abjwvae,0.10467256
1295192162315015003,1,2459049.6921644,19.571196,ZTF20abefeab,0.13783127
1295183932315015002,2,2459049.6839352,19.64162,ZTF20abefeab,0.118618526
1294449684115015010,1,2459048.9496875,18.500517,ZTF20abfcszi,0.07426178500000001
1294449210815015007,1,2459048.949213,18.562868,ZTF20abfcszi,0.06500784
1294414010815015007,2,2459048.9140162,18.670303,ZTF20abfcszi,0.073448494
1294413534115015004,2,2459048.9135301,18.601221,ZTF20abfcszi,0.06693257
1293242510915015004,1,2459047.7425116,19.486216,ZTF20abjwvae,0.12195399
1293214860915015012,2,2459047.7148611,19.627836,ZTF20abjwvae,0.13884626
1292229282315015005,1,2459046.7292824,19.513813,ZTF20abefeab,0.13832001
1292191882315015009,2,2459046.6918866,19.545803,ZTF20abefeab,0.12587023
1291455304115015003,1,2459045.9553009,18.63715,ZTF20abfcszi,0.08126438
1291454820815015006,1,2459045.9548264,18.632275,ZTF20abfcszi,0.06557201
1291353194115015005,2,2459045.8531944,18.749884,ZTF20abfcszi,0.08762533
1291352700815015003,2,2459045.8527083,18.764744,ZTF20abfcszi,0.07089326
1290195530915015009,1,2459044.6955324,19.638557,ZTF20abjwvae,0.105597384
1289212232315015004,1,2459043.7122338,19.423353,ZTF20abefeab,0.10050301
1288387394115015001,2,2459042.8873958,18.822565,ZTF20abfcszi,0.06287459000000001
1288386900815015003,2,2459042.8869097,18.686455,ZTF20abfcszi,0.07801529
1288337314115015006,1,2459042.8373148,18.700418,ZTF20abfcszi,0.08245013
1288324540815015004,1,2459042.8245486,18.625095,ZTF20abfcszi,0.07016494
1287225670115015022,1,2459041.7256713,20.331818,ZTF18acaqdaa,0.18653883000000002
1287212180915015019,1,2459041.7121875,19.843805,ZTF20abjwvae,0.16089256
1286232212315015001,1,2459040.7322106,19.280134,ZTF20abefeab,0.10488164400000001
1286198042315015008,2,2459040.698044,19.369993,ZTF20abefeab,0.09081079
1285449610815015001,2,2459039.9496181,18.895538,ZTF20abfcszi,0.10580106
1285347560815015005,1,2459039.8475694,18.753431,ZTF20abfcszi,0.09110524
1284467494115015004,1,2459038.9675,18.792725,ZTF20abfcszi,0.16173787
1284386774115015003,2,2459038.8867708,19.004763,ZTF20abfcszi,0.13940908
1284232410915015006,1,2459038.732419,20.463242,ZTF20abjwvae,0.21452949999999998
1283190322315015002,2,2459037.6903241,19.27529,ZTF20abefeab,0.10924965
1282479400815015002,1,2459036.9794097,18.73565,ZTF20abfcszi,0.15305078
1282366400815015004,2,2459036.8664005,19.098125,ZTF20abfcszi,0.11572958
1281455134115015002,1,2459035.9551389,19.017933,ZTF20abfcszi,0.16698924
1281361114115015002,2,2459035.8611111,19.120958,ZTF20abfcszi,0.15218948000000002
1280483814115015002,1,2459034.9838194,18.961193,ZTF20abfcszi,0.15279892
1280370064115015000,2,2459034.8700694,19.163162,ZTF20abfcszi,0.1981733
1280332882315015003,2,2459034.8328819,19.17503,ZTF20abefeab,0.15135378
1280195992315015003,1,2459034.6959954,19.028109,ZTF20abefeab,0.117568135
1279365194115015002,2,2459033.8651968,19.149221,ZTF20abfcszi,0.15356648
1279342110815015004,2,2459033.8421181,18.88597,ZTF20abfcszi,0.12034095
1276483330815015007,2,2459030.9833333,19.103289,ZTF20abfcszi,0.15628788
1274338110115015025,1,2459028.8381134,20.452381,ZTF18acaqdaa,0.19842784
1274214052315015005,2,2459028.7140509,19.14919,ZTF20abefeab,0.10969002
1274200182315015004,1,2459028.7001852,18.873873,ZTF20abefeab,0.08648437
1273390970815015006,2,2459027.8909722,19.35363,ZTF20abfcszi,0.11460279
1273365970815015008,1,2459027.8659722,19.436127,ZTF20abfcszi,0.10909713
1271232282315015007,1,2459025.7322801,18.952269,ZTF20abefeab,0.10353364
1271191812315015003,2,2459025.6918171,18.99407,ZTF20abefeab,0.10316009999999999
1270387664115015016,1,2459024.887662,19.320843,ZTF20abfcszi,0.12655324
1270361820815015010,1,2459024.8618287,19.466099,ZTF20abfcszi,0.18755586
1268343470115015022,1,2459022.8434722,20.369144,ZTF18acaqdaa,0.17720509
1268232652315015010,2,2459022.7326505,19.182226,ZTF20abefeab,0.107628606
1268203642315015008,1,2459022.7036458,18.95558,ZTF20abefeab,0.09627022
1266223770115015031,1,2459020.7237731,20.392996,ZTF18acaqdaa,0.21683283
1265291862315015009,1,2459019.7918634,18.968622,ZTF20abefeab,0.0867698
1265232732315015003,2,2459019.7327315,19.204554,ZTF20abefeab,0.10524907
1264481750815015003,2,2459018.9817593,19.553616,ZTF20abfcszi,0.16685694
1264394010815015006,1,2459018.8940162,19.632784,ZTF20abfcszi,0.14532948
1264339820115015024,1,2459018.8398264,20.323368,ZTF18acaqdaa,0.20194374
1263188412315015009,2,2459017.6884144,19.296995,ZTF20abefeab,0.1015836
1262234052315015005,2,2459016.7340509,19.271948,ZTF20abefeab,0.10684879
1262202092315015003,1,2459016.7020949,18.99211,ZTF20abefeab,0.0869263
1261312080115015017,1,2459015.8120833,20.360924,ZTF18acaqdaa,0.18681902
1260393800815015003,1,2459014.8938079,19.673866,ZTF20abfcszi,0.15608191
1258312990115015035,1,2459012.8129977,20.222832,ZTF18acaqdaa,0.17370175000000002
1258297082315015003,1,2459012.7970833,19.19865,ZTF20abefeab,0.102685235
1258254442315015007,2,2459012.7544444,19.541405,ZTF20abefeab,0.09859134
1258246032915015013,2,2459012.7460301,20.175287,ZTF18aakelin,0.16848221
1255251962315015002,1,2459009.7519676,19.469904,ZTF20abefeab,0.12969756
1246270382915015012,1,2459000.7703819,19.91935,ZTF18aakelin,0.20618726
1246268941615015010,1,2459000.7689468,20.022247,ZTF18aakelin,0.19257708
1244364020115015025,1,2458998.8640278,20.211926,ZTF18acaqdaa,0.19051014
1243217732915015010,1,2458997.7177315,19.903116,ZTF18aakelin,0.11846688
1243208361615015015,1,2458997.7083681,19.80649,ZTF18aakelin,0.16838333
1242330050115015021,1,2458996.8300579,20.284204,ZTF18acaqdaa,0.17042673
1242163870515010006,1,2458996.6638773,16.490656,ZTF18acpdvos,0.032703460000000004
1241322930115015022,1,2458995.8229398,20.29027,ZTF18acaqdaa,0.18366273
1240299752915015010,2,2458994.7997569,19.853176,ZTF18aakelin,0.13923083
1240245471615015020,1,2458994.7454745,19.94897,ZTF18aakelin,0.17899173000000002
1240244982915015021,1,2458994.7449884,19.737848,ZTF18aakelin,0.11501614
1238332020115015015,1,2458992.8320255,20.101816,ZTF18acaqdaa,0.20735282
1237320640115015014,1,2458991.8206481,20.159445,ZTF18acaqdaa,0.18568849999999998
1237311602915015010,1,2458991.8116088,19.734165,ZTF18aakelin,0.16086145000000002
1237309201615015014,1,2458991.8092014,19.90296,ZTF18aakelin,0.14854524
1237257472915015011,2,2458991.7574769,19.827362,ZTF18aakelin,0.1467321
1233410190115015025,1,2458987.9101968,20.146015,ZTF18acaqdaa,0.15112521
1233224560015010000,1,2458987.7245602,19.174536,ZTF18aahqkbt,0.1520205
1233214990515010024,1,2458987.715,16.478724,ZTF18acpdvos,0.029844080000000002
1231422970115015026,1,2458985.9229745,20.381151,ZTF18acaqdaa,0.19496727
1231299672915015007,1,2458985.7996759,19.706318,ZTF18aakelin,0.1252897
1231201261615015012,1,2458985.7012616,19.91792,ZTF18aakelin,0.17131694
1227157770015010000,1,2458981.6577778,19.068436,ZTF18aahqkbt,0.10794003
1225238332915015008,1,2458979.7383333,20.057455,ZTF18aakelin,0.19432358
1225210840515010015,1,2458979.7108449,16.481028,ZTF18acpdvos,0.03134725
1224178930015010002,1,2458978.6789352,19.166803,ZTF18aahqkbt,0.10338069500000001
1222173950515010001,1,2458976.6739583,16.481962,ZTF18acpdvos,0.030394515
1218218410015010000,1,2458972.7184144,18.922565,ZTF18aahqkbt,0.11384527
1216446460115015020,1,2458970.9464699,20.251055,ZTF18acaqdaa,0.16794978
1211219092015015015,1,2458965.7190972,20.210552,ZTF20aamqmfk,0.17568888
1210384350115015021,1,2458964.8843519,20.279308,ZTF18acaqdaa,0.17805818
1209245550515010016,1,2458963.7455556,16.462914,ZTF18acpdvos,0.033500966
1209190760515010014,1,2458963.6907639,16.493233,ZTF18acpdvos,0.032267995
1209178990015010001,1,2458963.6789931,19.228657,ZTF18aahqkbt,0.10686834
1209173333915010000,1,2458963.6733333,20.238897,ZTF18aabtxvd,0.2018712
1209161360015010000,1,2458963.6613657,19.212135,ZTF18aahqkbt,0.11358868
1201184560515010021,1,2458955.6845602,16.479912,ZTF18acpdvos,0.034958083
1200170702015015019,1,2458954.670706,19.987879,ZTF20aamqmfk,0.19063176
1190190845615015000,1,2458944.6908449,19.09041,ZTF17aaazdba,0.18901218
1186174690515010010,1,2458940.6746991,16.485970000000002,ZTF18acpdvos,0.03258999
1182492070115015023,1,2458936.9920718,20.188175,ZTF18acaqdaa,0.17053904
1182260052015015020,1,2458936.7600579,19.747738,ZTF20aamqmfk,0.12878259
1161527152015015006,2,2458916.0271528,19.930096,ZTF19accmaxo,0.19522797
1161370252015015005,2,2458915.8702546,19.610197,ZTF20aamqmfk,0.18178412
1161206642015015007,1,2458915.7066435,19.248434,ZTF20aamqmfk,0.2094895
1161199780015010000,1,2458915.6997801,19.277435,ZTF18aahqkbt,0.15316981
1160517122815015002,2,2458915.0171296,20.260475,ZTF20aabqihu,0.16320868
1160499084315015006,1,2458914.9990856,20.333742,ZTF19aarioci,0.20551102000000002
1158261792015015009,1,2458912.761794,19.405355,ZTF20aamqmfk,0.12123711000000001
1158231220515010016,1,2458912.7312269,16.486473,ZTF18acpdvos,0.030222623
1158205462015015008,2,2458912.705463,19.837296,ZTF20aamqmfk,0.17032667
1158202140015010001,2,2458912.7021412,19.703653,ZTF18aahqkbt,0.18204927
1158137980015010000,1,2458912.6379861,19.266853,ZTF18aahqkbt,0.13681462
1155234940515010032,1,2458909.7349421,16.468166,ZTF18acpdvos,0.04028563
1155214155615015001,1,2458909.7141551,19.13993,ZTF17aaazdba,0.17765293000000001
1155192450015010002,1,2458909.6924537,19.180288,ZTF18aahqkbt,0.12863904
1155187160015010001,1,2458909.6871644,19.118937,ZTF18aahqkbt,0.13689102
1149540014315015013,1,2458904.0400116,20.211243,ZTF19aarioci,0.13488093
1149527452815015003,1,2458904.0274537,20.024088,ZTF20aabqihu,0.1548194
1149519652815015000,2,2458904.0196528,20.012484,ZTF20aabqihu,0.16276582
1149268580015010000,1,2458903.768588,19.125868,ZTF18aahqkbt,0.08580481
1149243393915010000,1,2458903.7433912,19.951986,ZTF18aabtxvd,0.13770546
1149220752015015013,2,2458903.7207523,19.905445,ZTF20aamqmfk,0.16749127
1149184430015010000,2,2458903.6844329,19.873531,ZTF18aahqkbt,0.17193353
1146556132015015001,1,2458901.0561343,20.152348,ZTF19accmaxo,0.21314025
1146312092015015020,1,2458900.8120949,19.576433,ZTF20aamqmfk,0.18135168000000002
1146298983915010000,1,2458900.7989815,20.054802,ZTF18aabtxvd,0.18636465
1146234512015015012,2,2458900.7345139,19.892984,ZTF20aamqmfk,0.15957488
1145529754315015011,1,2458900.0297569,20.237682,ZTF19aarioci,0.15901969999999999
1145359342015015025,1,2458899.8593403,19.623617,ZTF20aamqmfk,0.14641054
1145292402015015005,2,2458899.7924074,20.154963,ZTF20aamqmfk,0.15640424
1133532412815015000,2,2458888.032419,19.754976,ZTF20aabqihu,0.17873314
1130542772815015002,2,2458885.0427778,19.357027,ZTF20aabqihu,0.16043039
1130467222815015001,1,2458884.9672222,19.730736,ZTF20aabqihu,0.21589358
1129418100515010031,1,2458883.9181019,16.512854,ZTF18acpdvos,0.030316675
1129232375615015000,2,2458883.7323727,18.842455,ZTF17aaazdba,0.1520171
1113397630515010034,1,2458867.8976389,16.47715,ZTF18acpdvos,0.032114316000000004
1113392450015010000,1,2458867.8924537,19.094973,ZTF18aahqkbt,0.08525412
1113391523915010000,1,2458867.8915278,20.089748,ZTF18aabtxvd,0.18756223
1113230981615015007,2,2458867.7309838,19.00298,ZTF19abzrhgq,0.10603574
1113188211615015009,1,2458867.6882176,19.178799,ZTF19abzrhgq,0.11873586500000001
1112547872015015000,1,2458867.0478704,19.346909,ZTF19acspeuw,0.11718968
1109147901615015014,1,2458863.6479051,19.424862,ZTF19abzrhgq,0.14388748
1106208351615015003,2,2458860.7083565,18.797455,ZTF19abzrhgq,0.18493804
1106168091615015001,2,2458860.6680903,18.75024,ZTF19abzrhgq,0.10273456600000001
1101508052015015006,1,2458856.0080556,19.111338,ZTF19acspeuw,0.08689241
1101459910515010024,1,2458855.959919,16.51838,ZTF18acpdvos,0.019551193
1101441990015010021,1,2458855.9419907,19.256147,ZTF18aahqkbt,0.08414438
1100492290015010011,1,2458854.9922917,19.09716,ZTF18aahqkbt,0.10973805
1098547412015015001,2,2458853.047419,19.294035,ZTF19acspeuw,0.096940175
1098536572015015003,1,2458853.0365741,19.218792,ZTF19acspeuw,0.08764443
1098482390515010030,1,2458852.9823958,16.503418,ZTF18acpdvos,0.040278114000000004
1098465240015010001,1,2458852.9652431,19.07885,ZTF18aahqkbt,0.07418414
1098462933915010000,1,2458852.9629398,20.037933,ZTF18aabtxvd,0.19068441
1096509522815015001,2,2458851.0095255,19.70857,ZTF20aabqihu,0.20085204
1096430100015010007,1,2458850.9301042,19.104612,ZTF18aahqkbt,0.09676582
1092550762015015009,1,2458847.0507639,18.992403,ZTF19acspeuw,0.07425856
1092547081415015001,1,2458847.0470833,20.476648,ZTF18acnbpmd,0.2110326
1092486280015010001,1,2458846.9862847,19.069084,ZTF18aahqkbt,0.07336485
1092485383915010000,1,2458846.9853819,20.030884,ZTF18aabtxvd,0.18093252
1082550470515010037,1,2458837.0504745,16.484825,ZTF18acpdvos,0.02133147
1081485392015015001,2,2458835.9853935,18.851103,ZTF19acspeuw,0.11650829
1081441345615015003,2,2458835.9413426,18.668858,ZTF17aaazdba,0.13758202
1079495552015015000,2,2458833.9955556,18.697056,ZTF19acspeuw,0.1380098
1079400450015010000,2,2458833.9004514,19.479696,ZTF18aahqkbt,0.21617988
1079324741615015006,2,2458833.8247454,18.241674,ZTF19abzrhgq,0.09465795
1079250761615015005,2,2458833.7507639,18.240479,ZTF19abzrhgq,0.06998567
1079208401615015006,1,2458833.7084028,18.234262,ZTF19abzrhgq,0.10046396
1077550312015015001,1,2458832.0503125,18.604818,ZTF19acspeuw,0.13240896
1076548870515010004,1,2458831.0488773,16.513382,ZTF18acpdvos,0.030603275000000003
1076251141615015001,2,2458830.7511458,18.050482,ZTF19abzrhgq,0.08587606
1074551072015015000,1,2458829.0510764,18.355913,ZTF19acspeuw,0.10790763
1073549690215015021,1,2458828.0496991,19.261042,ZTF17aaazdba,0.14581051
1069430490015010000,1,2458823.9304977,18.961294,ZTF18aahqkbt,0.2149118
1066229981615015003,1,2458820.7299884,17.913778,ZTF19abzrhgq,0.13008116
1058435905615015000,1,2458812.9359028,18.696634,ZTF17aaazdba,0.120123036
1058332631615015009,1,2458812.8326389,17.694763000000002,ZTF19abzrhgq,0.054027166
1058273801615015011,2,2458812.7738079,17.526686,ZTF19abzrhgq,0.06477322
1052372551615015004,1,2458806.8725579,17.44926,ZTF19abzrhgq,0.062369560000000004
1052316871615015008,2,2458806.816875,17.314781,ZTF19abzrhgq,0.051945888
1051525562015015000,1,2458806.0255671,18.85257,ZTF19acspeuw,0.13390014
1050496870015010000,1,2458804.996875,19.031588,ZTF18aahqkbt,0.15657678
1050473860015010001,1,2458804.9738657,19.178314,ZTF18aahqkbt,0.19436263
1049314091615015006,2,2458803.8140972,17.192717,ZTF19abzrhgq,0.044175256
1049225811615015020,1,2458803.7258102,17.270205,ZTF19abzrhgq,0.13968855
1048551632015015000,1,2458803.0516319,19.015257,ZTF19acspeuw,0.18044385000000002
1047093312015015001,1,2458801.5933102,19.405731,ZTF19accmaxo,0.20491433
1046235561615015041,1,2458800.7355671,17.206121,ZTF19abzrhgq,0.06814551
1044548260015010000,1,2458799.0482639,19.107742,ZTF18aahqkbt,0.11390147
1043134522015015003,1,2458797.6345255,19.326462,ZTF19accmaxo,0.19328524
1042546770215015007,1,2458797.0467708,18.946436,ZTF17aaazdba,0.13205934
1042319171615015005,2,2458796.8191782,16.941034,ZTF19abzrhgq,0.049422648000000007
1040545865615015002,1,2458795.0458681,18.675814,ZTF17aaazdba,0.08980312
1040132182015015001,1,2458794.6321875,19.197992,ZTF19accmaxo,0.14470942
1040097972015015003,2,2458794.5979745,19.336964,ZTF19accmaxo,0.13646318
1039471841615015003,2,2458793.9718403,16.833694,ZTF19abzrhgq,0.04065912
1039350301615015007,1,2458793.8503009,16.957104,ZTF19abzrhgq,0.04341399
1037525315615015000,1,2458792.0253125,18.348501,ZTF17aaazdba,0.13345891000000001
1037524860215015010,1,2458792.0248611,18.73905,ZTF17aaazdba,0.09851108500000001
1037130242015015005,1,2458791.6302431,19.468023,ZTF19accmaxo,0.13502537
1037098482015015002,2,2458791.5984838,19.479977,ZTF19accmaxo,0.12932783
1036545505615015000,1,2458791.0455093,18.663319,ZTF17aaazdba,0.11583529000000001
1036541503915010000,1,2458791.0415046,20.12168,ZTF18aabtxvd,0.21362606
1036369021615015007,2,2458790.8690278,16.685205,ZTF19abzrhgq,0.04133172
1036335061615015014,1,2458790.8350694,16.837486,ZTF19abzrhgq,0.042781852
1035504590515010016,1,2458790.0045949,16.49312,ZTF18acpdvos,0.034790285000000004
1035458370015010012,1,2458789.9583796,18.473469,ZTF18aahqkbt,0.13782506
